#
# There is insufficient memory for the Java Runtime Environment to continue.
# Native memory allocation (mmap) failed to map 65536 bytes. Error detail: Failed to commit metaspace.
# Possible reasons:
#   The system is out of physical RAM or swap space
#   This process is running with CompressedOops enabled, and the Java Heap may be blocking the growth of the native heap
# Possible solutions:
#   Reduce memory load on the system
#   Increase physical memory or swap space
#   Check if swap backing store is full
#   Decrease Java heap size (-Xmx/-Xms)
#   Decrease number of Java threads
#   Decrease Java thread stack sizes (-Xss)
#   Set larger code cache with -XX:ReservedCodeCacheSize=
#   JVM is running with Unscaled Compressed Oops mode in which the Java heap is
#     placed in the first 4GB address space. The Java Heap base address is the
#     maximum limit for the native heap growth. Please use -XX:HeapBaseMinAddress
#     to set the Java Heap base and to place the Java Heap above 4GB virtual address.
# This output file may be truncated or incomplete.
#
#  Out of Memory Error (virtualSpaceNode.cpp:110), pid=9320, tid=37028
#
# JRE version: OpenJDK Runtime Environment Temurin-17.0.19+10 (17.0.19+10) (build 17.0.19+10)
# Java VM: OpenJDK 64-Bit Server VM Temurin-17.0.19+10 (17.0.19+10, mixed mode, emulated-client, sharing, tiered, compressed oops, compressed class ptrs, serial gc, windows-amd64)
# No core dump will be written. Minidumps are not enabled by default on client versions of Windows
#

---------------  S U M M A R Y ------------

Command Line: --add-opens=java.base/java.lang=ALL-UNNAMED --add-opens=java.base/java.lang.invoke=ALL-UNNAMED --add-opens=java.base/java.util=ALL-UNNAMED --add-opens=java.prefs/java.util.prefs=ALL-UNNAMED --add-exports=jdk.compiler/com.sun.tools.javac.api=ALL-UNNAMED --add-exports=jdk.compiler/com.sun.tools.javac.util=ALL-UNNAMED --add-opens=java.base/java.util=ALL-UNNAMED --add-opens=java.prefs/java.util.prefs=ALL-UNNAMED --add-opens=java.base/java.nio.charset=ALL-UNNAMED --add-opens=java.base/java.net=ALL-UNNAMED --add-opens=java.base/java.util.concurrent=ALL-UNNAMED --add-opens=java.base/java.util.concurrent.atomic=ALL-UNNAMED --add-opens=java.xml/javax.xml.namespace=ALL-UNNAMED --add-opens=java.base/java.time=ALL-UNNAMED -XX:MaxMetaspaceSize=192m -XX:CICompilerCount=1 -XX:TieredStopAtLevel=1 -XX:ActiveProcessorCount=1 -Xmx512m -Dfile.encoding=UTF-8 -Duser.country=PH -Duser.language=en -Duser.variant -javaagent:C:\Users\jpten\.gradle\wrapper\dists\gradle-9.4.0-bin\lcvyxq3t37f6mx9miaydrrgs\gradle-9.4.0\lib\agents\gradle-instrumentation-agent-9.4.0.jar org.gradle.launcher.daemon.bootstrap.GradleDaemon 9.4.0

Host: AMD Ryzen 5 6600H with Radeon Graphics         , 12 cores, 7G,  Windows 11 , 64 bit Build 26100 (10.0.26100.8875)
Time: Sun Jul 19 09:01:26 2026 Malay Peninsula Standard Time elapsed time: 45.326052 seconds (0d 0h 0m 45s)

---------------  T H R E A D  ---------------

Current thread (0x00000233fe4979e0):  JavaThread "Daemon worker" [_thread_in_vm, id=37028, stack(0x000000ff01100000,0x000000ff01200000)]

Stack: [0x000000ff01100000,0x000000ff01200000]
Native frames: (J=compiled Java code, j=interpreted, Vv=VM code, C=native code)
V  [jvm.dll+0x684b29]
V  [jvm.dll+0x83a2d5]
V  [jvm.dll+0x83bd4e]
V  [jvm.dll+0x83c3d3]
V  [jvm.dll+0x24905f]
V  [jvm.dll+0x8360bd]
V  [jvm.dll+0x62941d]
V  [jvm.dll+0x1c07e0]
V  [jvm.dll+0x62bd92]
V  [jvm.dll+0x629dd6]
V  [jvm.dll+0x23e154]
V  [jvm.dll+0x1eb03f]
V  [jvm.dll+0x1e09a1]
V  [jvm.dll+0x5482c9]
V  [jvm.dll+0x7b4f98]
V  [jvm.dll+0x7b5094]
V  [jvm.dll+0x414d34]
V  [jvm.dll+0x41b799]
C  [java.dll+0x17ec]

Java frames: (J=compiled Java code, j=interpreted, Vv=VM code)
J 593  java.lang.ClassLoader.defineClass1(Ljava/lang/ClassLoader;Ljava/lang/String;[BIILjava/security/ProtectionDomain;Ljava/lang/String;)Ljava/lang/Class; java.base@17.0.19 (0 bytes) @ 0x00000233edfe30e3 [0x00000233edfe3020+0x00000000000000c3]
J 949 c1 java.lang.ClassLoader.defineClass(Ljava/lang/String;[BIILjava/security/ProtectionDomain;)Ljava/lang/Class; java.base@17.0.19 (43 bytes) @ 0x00000233ee0698dc [0x00000233ee0697e0+0x00000000000000fc]
J 3188 c1 java.net.URLClassLoader.defineClass(Ljava/lang/String;Ljdk/internal/loader/Resource;)Ljava/lang/Class; java.base@17.0.19 (224 bytes) @ 0x00000233ee44a31c [0x00000233ee449920+0x00000000000009fc]
J 3170 c1 java.net.URLClassLoader$1.run()Ljava/lang/Class; java.base@17.0.19 (81 bytes) @ 0x00000233ee4418c4 [0x00000233ee441620+0x00000000000002a4]
J 644 c1 java.net.URLClassLoader.findClass(Ljava/lang/String;)Ljava/lang/Class; java.base@17.0.19 (47 bytes) @ 0x00000233edff8134 [0x00000233edff8020+0x0000000000000114]
J 6473 c1 org.gradle.internal.classloader.VisitableURLClassLoader$InstrumentingVisitableURLClassLoader.findClass(Ljava/lang/String;)Ljava/lang/Class; (36 bytes) @ 0x00000233ee8c53c4 [0x00000233ee8c5360+0x0000000000000064]
J 587 c1 java.lang.ClassLoader.loadClass(Ljava/lang/String;Z)Ljava/lang/Class; java.base@17.0.19 (121 bytes) @ 0x00000233edfe0f5c [0x00000233edfe0ce0+0x000000000000027c]
J 617 c1 java.lang.ClassLoader.loadClass(Ljava/lang/String;)Ljava/lang/Class; java.base@17.0.19 (7 bytes) @ 0x00000233edfebc84 [0x00000233edfebc40+0x0000000000000044]
v  ~StubRoutines::call_stub
J 1989  java.lang.Class.getDeclaredMethods0(Z)[Ljava/lang/reflect/Method; java.base@17.0.19 (0 bytes) @ 0x00000233ee2218e3 [0x00000233ee2218a0+0x0000000000000043]
J 2003 c1 java.lang.Class.privateGetDeclaredMethods(Z)[Ljava/lang/reflect/Method; java.base@17.0.19 (64 bytes) @ 0x00000233ee22649c [0x00000233ee226400+0x000000000000009c]
J 2784 c1 org.gradle.internal.reflect.ClassInspector.inspectClass(Ljava/lang/Class;Lorg/gradle/internal/reflect/MutableClassDetails;)V (179 bytes) @ 0x00000233ee35cdd4 [0x00000233ee35cd40+0x0000000000000094]
J 3337 c1 org.gradle.internal.reflect.ClassInspector$$Lambda$144+0x00000233f31bcd98.accept(Ljava/lang/Object;)V (16 bytes) @ 0x00000233ee47e48c [0x00000233ee47e3c0+0x00000000000000cc]
j  org.gradle.internal.reflect.ClassInspector.visitGraph(Ljava/lang/Class;Ljava/util/function/Consumer;)V+66
J 3732 c1 org.gradle.internal.instantiation.generator.AbstractClassGenerator.inspectType(Ljava/lang/Class;Ljava/util/List;Ljava/util/List;Lorg/gradle/internal/instantiation/generator/AbstractClassGenerator$UnclaimedPropertyHandler;)V (602 bytes) @ 0x00000233ee517c44 [0x00000233ee517b00+0x0000000000000144]
j  org.gradle.internal.instantiation.generator.AbstractClassGenerator.generateUnderLock(Ljava/lang/Class;)Lorg/gradle/internal/instantiation/generator/AbstractClassGenerator$GeneratedClassImpl;+363
j  org.gradle.internal.instantiation.generator.AbstractClassGenerator$$Lambda$143+0x00000233f31b5848.apply(Ljava/lang/Object;)Ljava/lang/Object;+8
j  org.gradle.cache.internal.DefaultCrossBuildInMemoryCacheFactory$AbstractCrossBuildInMemoryCache.produce(Ljava/util/function/Function;Ljava/lang/Object;)Ljava/lang/Object;+2
j  org.gradle.cache.internal.DefaultCrossBuildInMemoryCacheFactory$AbstractCrossBuildInMemoryCache.produceAndRetain(Ljava/util/function/Function;Ljava/lang/Object;)Ljava/lang/Object;+3
j  org.gradle.cache.internal.DefaultCrossBuildInMemoryCacheFactory$AbstractCrossBuildInMemoryCache.lambda$get$1(Ljava/util/function/Function;Ljava/lang/Object;)Ljava/lang/Object;+3
j  org.gradle.cache.internal.DefaultCrossBuildInMemoryCacheFactory$AbstractCrossBuildInMemoryCache$$Lambda$142+0x00000233f31b7dd0.get()Ljava/lang/Object;+12
J 3441 c1 org.gradle.internal.lazy.LockingLazy.get()Ljava/lang/Object; (62 bytes) @ 0x00000233ee4a4f54 [0x00000233ee4a4ec0+0x0000000000000094]
J 3530 c1 org.gradle.cache.internal.DefaultCrossBuildInMemoryCacheFactory$AbstractCrossBuildInMemoryCache.get(Ljava/lang/Object;Ljava/util/function/Function;)Ljava/lang/Object; (24 bytes) @ 0x00000233ee4c770c [0x00000233ee4c75e0+0x000000000000012c]
J 6333 c1 org.gradle.internal.instantiation.generator.AsmBackedClassGenerator.generate(Ljava/lang/Class;)Lorg/gradle/internal/instantiation/generator/ClassGenerator$GeneratedClass; (6 bytes) @ 0x00000233ee885ce4 [0x00000233ee885be0+0x0000000000000104]
j  org.gradle.internal.instantiation.generator.Jsr330ConstructorSelector.lambda$forType$0(Ljava/lang/Class;)Lorg/gradle/internal/instantiation/generator/Jsr330ConstructorSelector$CachedConstructor;+9
j  org.gradle.internal.instantiation.generator.Jsr330ConstructorSelector$$Lambda$140+0x00000233f31b7970.get()Ljava/lang/Object;+8
J 5745 c1 org.gradle.cache.Cache$$Lambda$94+0x00000233f310b5d8.apply(Ljava/lang/Object;)Ljava/lang/Object; (9 bytes) @ 0x00000233ee7a2904 [0x00000233ee7a28c0+0x0000000000000044]
j  org.gradle.cache.internal.DefaultCrossBuildInMemoryCacheFactory$AbstractCrossBuildInMemoryCache.produce(Ljava/util/function/Function;Ljava/lang/Object;)Ljava/lang/Object;+2
j  org.gradle.cache.internal.DefaultCrossBuildInMemoryCacheFactory$AbstractCrossBuildInMemoryCache.produceAndRetain(Ljava/util/function/Function;Ljava/lang/Object;)Ljava/lang/Object;+3
j  org.gradle.cache.internal.DefaultCrossBuildInMemoryCacheFactory$AbstractCrossBuildInMemoryCache.lambda$get$1(Ljava/util/function/Function;Ljava/lang/Object;)Ljava/lang/Object;+3
j  org.gradle.cache.internal.DefaultCrossBuildInMemoryCacheFactory$AbstractCrossBuildInMemoryCache$$Lambda$142+0x00000233f31b7dd0.get()Ljava/lang/Object;+12
J 3441 c1 org.gradle.internal.lazy.LockingLazy.get()Ljava/lang/Object; (62 bytes) @ 0x00000233ee4a4f54 [0x00000233ee4a4ec0+0x0000000000000094]
J 3530 c1 org.gradle.cache.internal.DefaultCrossBuildInMemoryCacheFactory$AbstractCrossBuildInMemoryCache.get(Ljava/lang/Object;Ljava/util/function/Function;)Ljava/lang/Object; (24 bytes) @ 0x00000233ee4c770c [0x00000233ee4c75e0+0x000000000000012c]
J 5456 c1 org.gradle.cache.Cache.get(Ljava/lang/Object;Ljava/util/function/Supplier;)Ljava/lang/Object; (14 bytes) @ 0x00000233ee74796c [0x00000233ee7478c0+0x00000000000000ac]
J 6498 c1 org.gradle.internal.instantiation.generator.Jsr330ConstructorSelector.forParams(Ljava/lang/Class;[Ljava/lang/Object;)Lorg/gradle/internal/instantiation/generator/ClassGenerator$GeneratedConstructor; (6 bytes) @ 0x00000233ee8ce4a4 [0x00000233ee8ce3e0+0x00000000000000c4]
J 6356 c1 org.gradle.internal.instantiation.generator.DependencyInjectingInstantiator.doCreate(Ljava/lang/Class;Lorg/gradle/api/Describable;[Ljava/lang/Object;)Ljava/lang/Object; (64 bytes) @ 0x00000233ee88d864 [0x00000233ee88d800+0x0000000000000064]
J 3718 c1 org.gradle.internal.instantiation.generator.DependencyInjectingInstantiator.newInstance(Ljava/lang/Class;[Ljava/lang/Object;)Ljava/lang/Object; (8 bytes) @ 0x00000233ee50f304 [0x00000233ee50f2c0+0x0000000000000044]
j  org.gradle.api.services.internal.RegisteredBuildServiceProvider.instantiate(Lorg/gradle/internal/service/ServiceLookup;)Lorg/gradle/api/services/BuildService;+23
j  org.gradle.api.services.internal.RegisteredBuildServiceProvider.instantiate()Lorg/gradle/internal/Try;+30
j  org.gradle.api.services.internal.RegisteredBuildServiceProvider.getInstance()Lorg/gradle/api/services/BuildService;+26
j  org.gradle.api.services.internal.RegisteredBuildServiceProvider.calculateOwnValue(Lorg/gradle/api/internal/provider/ValueSupplier$ValueConsumer;)Lorg/gradle/api/internal/provider/ValueSupplier$Value;+1
J 4052 c1 org.gradle.api.internal.provider.AbstractMinimalProvider.get()Ljava/lang/Object; (10 bytes) @ 0x00000233ee5834b4 [0x00000233ee583460+0x0000000000000054]
j  com.android.build.gradle.internal.plugins.AndroidPluginBaseServices$configuratorService$2$1.invoke(Lorg/gradle/api/Project;)Lcom/android/build/gradle/internal/profile/AnalyticsConfiguratorService;+57
j  com.android.build.gradle.internal.plugins.AndroidPluginBaseServices$configuratorService$2$1.invoke(Ljava/lang/Object;)Ljava/lang/Object;+5
j  com.android.build.gradle.internal.plugins.AndroidPluginBaseServices.withProject(Ljava/lang/String;Lkotlin/jvm/functions/Function1;)Ljava/lang/Object;+28
j  com.android.build.gradle.internal.plugins.AndroidPluginBaseServices$configuratorService$2.invoke()Lcom/android/build/gradle/internal/profile/AnalyticsConfiguratorService;+20
j  com.android.build.gradle.internal.plugins.AndroidPluginBaseServices$configuratorService$2.invoke()Ljava/lang/Object;+1
j  kotlin.SynchronizedLazyImpl.getValue()Ljava/lang/Object;+51
j  com.android.build.gradle.internal.plugins.AndroidPluginBaseServices.getConfiguratorService()Lcom/android/build/gradle/internal/profile/AnalyticsConfiguratorService;+6
j  com.android.build.gradle.internal.plugins.AndroidPluginBaseServices.applyBaseServices(Lorg/gradle/api/Project;Lorg/gradle/api/configuration/BuildFeatures;)V+235
j  com.android.build.gradle.internal.plugins.BasePlugin$apply$1.run()V+15
j  com.android.build.gradle.internal.crash.CrashReporting.runAction(Ljava/lang/Runnable;)V+8
j  com.android.build.gradle.internal.plugins.BasePlugin.apply(Lorg/gradle/api/Project;)V+19
j  com.android.build.gradle.internal.plugins.BasePlugin.apply(Ljava/lang/Object;)V+5
j  org.gradle.api.internal.plugins.ImperativeOnlyPluginTarget.applyImperative(Ljava/lang/String;Lorg/gradle/api/Plugin;)V+13
j  org.gradle.api.internal.plugins.RuleBasedPluginTarget.applyImperative(Ljava/lang/String;Lorg/gradle/api/Plugin;)V+6
j  org.gradle.api.internal.plugins.DefaultPluginManager.addPlugin(Ljava/lang/Runnable;Lorg/gradle/api/internal/plugins/PluginImplementation;Ljava/lang/String;Ljava/lang/Class;)V+54
j  org.gradle.api.internal.plugins.DefaultPluginManager.access$100(Lorg/gradle/api/internal/plugins/DefaultPluginManager;Ljava/lang/Runnable;Lorg/gradle/api/internal/plugins/PluginImplementation;Ljava/lang/String;Ljava/lang/Class;)V+6
j  org.gradle.api.internal.plugins.DefaultPluginManager$AddPluginBuildOperation.run(Lorg/gradle/internal/operations/BuildOperationContext;)V+20
j  org.gradle.internal.operations.DefaultBuildOperationRunner$1.execute(Lorg/gradle/internal/operations/RunnableBuildOperation;Lorg/gradle/internal/operations/BuildOperationContext;)V+2
j  org.gradle.internal.operations.DefaultBuildOperationRunner$1.execute(Lorg/gradle/internal/operations/BuildOperation;Lorg/gradle/internal/operations/BuildOperationContext;)V+6
J 5805 c1 org.gradle.internal.operations.DefaultBuildOperationRunner$2.execute(Lorg/gradle/internal/operations/BuildOperationDescriptor;Lorg/gradle/internal/operations/BuildOperationState;Lorg/gradle/internal/operations/BuildOperationState;Lorg/gradle/internal/operations/DefaultBuildOperationRunner$ReadableBuildOperationContext;Lorg/gradle/internal/operations/DefaultBuildOperationRunner$BuildOperationExecutionListener;)Lorg/gradle/internal/operations/BuildOperation; (110 bytes) @ 0x00000233ee7b8594 [0x00000233ee7b8500+0x0000000000000094]
J 5587 c1 org.gradle.internal.operations.DefaultBuildOperationRunner.execute(Lorg/gradle/internal/operations/BuildOperationDescriptor$Builder;Lorg/gradle/internal/operations/DefaultBuildOperationRunner$BuildOperationExecution;)Ljava/lang/Object; (147 bytes) @ 0x00000233ee76b40c [0x00000233ee76ae40+0x00000000000005cc]
J 5328 c1 org.gradle.internal.operations.DefaultBuildOperationRunner.execute(Lorg/gradle/internal/operations/BuildOperation;Lorg/gradle/internal/operations/BuildOperationWorker;)V (22 bytes) @ 0x00000233ee7189c4 [0x00000233ee7188c0+0x0000000000000104]
j  org.gradle.internal.operations.DefaultBuildOperationRunner.run(Lorg/gradle/internal/operations/RunnableBuildOperation;)V+5
j  org.gradle.api.internal.plugins.DefaultPluginManager.lambda$doApply$0(Ljava/lang/Runnable;Lorg/gradle/api/internal/plugins/PluginImplementation;Ljava/lang/String;Ljava/lang/Class;Lorg/gradle/internal/code/UserCodeApplicationId;)V+20
j  org.gradle.api.internal.plugins.DefaultPluginManager$$Lambda$679+0x00000233f353ae10.execute(Ljava/lang/Object;)V+24
j  org.gradle.internal.code.DefaultUserCodeApplicationContext.apply(Lorg/gradle/internal/code/UserCodeSource;Lorg/gradle/api/Action;)V+37
j  org.gradle.api.internal.plugins.DefaultPluginManager.doApply(Lorg/gradle/api/internal/plugins/PluginImplementation;)V+144
j  org.gradle.api.internal.plugins.DefaultPluginManager.apply(Ljava/lang/String;)V+52
j  org.gradle.api.internal.plugins.DefaultObjectConfigurationAction.applyType(Ljava/lang/String;)V+43
j  org.gradle.api.internal.plugins.DefaultObjectConfigurationAction.access$200(Lorg/gradle/api/internal/plugins/DefaultObjectConfigurationAction;Ljava/lang/String;)V+2
j  org.gradle.api.internal.plugins.DefaultObjectConfigurationAction$3.run()V+8
j  org.gradle.api.internal.plugins.DefaultObjectConfigurationAction.execute()V+58
j  org.gradle.api.internal.project.AbstractPluginAware.apply(Ljava/util/Map;)V+12
j  org.gradle.api.internal.project.DefaultProject.apply(Ljava/util/Map;)V+2
j  com.android.build.gradle.AppPlugin.apply(Lorg/gradle/api/Project;)V+15
j  com.android.build.gradle.AppPlugin.apply(Ljava/lang/Object;)V+5
j  org.gradle.api.internal.plugins.ImperativeOnlyPluginTarget.applyImperative(Ljava/lang/String;Lorg/gradle/api/Plugin;)V+13
j  org.gradle.api.internal.plugins.RuleBasedPluginTarget.applyImperative(Ljava/lang/String;Lorg/gradle/api/Plugin;)V+6
j  org.gradle.api.internal.plugins.DefaultPluginManager.addPlugin(Ljava/lang/Runnable;Lorg/gradle/api/internal/plugins/PluginImplementation;Ljava/lang/String;Ljava/lang/Class;)V+54
j  org.gradle.api.internal.plugins.DefaultPluginManager.access$100(Lorg/gradle/api/internal/plugins/DefaultPluginManager;Ljava/lang/Runnable;Lorg/gradle/api/internal/plugins/PluginImplementation;Ljava/lang/String;Ljava/lang/Class;)V+6
j  org.gradle.api.internal.plugins.DefaultPluginManager$AddPluginBuildOperation.run(Lorg/gradle/internal/operations/BuildOperationContext;)V+20
j  org.gradle.internal.operations.DefaultBuildOperationRunner$1.execute(Lorg/gradle/internal/operations/RunnableBuildOperation;Lorg/gradle/internal/operations/BuildOperationContext;)V+2
j  org.gradle.internal.operations.DefaultBuildOperationRunner$1.execute(Lorg/gradle/internal/operations/BuildOperation;Lorg/gradle/internal/operations/BuildOperationContext;)V+6
J 5805 c1 org.gradle.internal.operations.DefaultBuildOperationRunner$2.execute(Lorg/gradle/internal/operations/BuildOperationDescriptor;Lorg/gradle/internal/operations/BuildOperationState;Lorg/gradle/internal/operations/BuildOperationState;Lorg/gradle/internal/operations/DefaultBuildOperationRunner$ReadableBuildOperationContext;Lorg/gradle/internal/operations/DefaultBuildOperationRunner$BuildOperationExecutionListener;)Lorg/gradle/internal/operations/BuildOperation; (110 bytes) @ 0x00000233ee7b8594 [0x00000233ee7b8500+0x0000000000000094]
J 5587 c1 org.gradle.internal.operations.DefaultBuildOperationRunner.execute(Lorg/gradle/internal/operations/BuildOperationDescriptor$Builder;Lorg/gradle/internal/operations/DefaultBuildOperationRunner$BuildOperationExecution;)Ljava/lang/Object; (147 bytes) @ 0x00000233ee76b40c [0x00000233ee76ae40+0x00000000000005cc]
J 5328 c1 org.gradle.internal.operations.DefaultBuildOperationRunner.execute(Lorg/gradle/internal/operations/BuildOperation;Lorg/gradle/internal/operations/BuildOperationWorker;)V (22 bytes) @ 0x00000233ee7189c4 [0x00000233ee7188c0+0x0000000000000104]
j  org.gradle.internal.operations.DefaultBuildOperationRunner.run(Lorg/gradle/internal/operations/RunnableBuildOperation;)V+5
j  org.gradle.api.internal.plugins.DefaultPluginManager.lambda$doApply$0(Ljava/lang/Runnable;Lorg/gradle/api/internal/plugins/PluginImplementation;Ljava/lang/String;Ljava/lang/Class;Lorg/gradle/internal/code/UserCodeApplicationId;)V+20
j  org.gradle.api.internal.plugins.DefaultPluginManager$$Lambda$679+0x00000233f353ae10.execute(Ljava/lang/Object;)V+24
j  org.gradle.internal.code.DefaultUserCodeApplicationContext.apply(Lorg/gradle/internal/code/UserCodeSource;Lorg/gradle/api/Action;)V+37
j  org.gradle.api.internal.plugins.DefaultPluginManager.doApply(Lorg/gradle/api/internal/plugins/PluginImplementation;)V+144
j  org.gradle.api.internal.plugins.DefaultPluginManager.apply(Ljava/lang/String;)V+52
j  org.gradle.api.internal.plugins.DefaultObjectConfigurationAction.applyType(Ljava/lang/String;)V+43
j  org.gradle.api.internal.plugins.DefaultObjectConfigurationAction.access$200(Lorg/gradle/api/internal/plugins/DefaultObjectConfigurationAction;Ljava/lang/String;)V+2
j  org.gradle.api.internal.plugins.DefaultObjectConfigurationAction$3.run()V+8
j  org.gradle.api.internal.plugins.DefaultObjectConfigurationAction.execute()V+58
j  org.gradle.api.internal.project.AbstractPluginAware.apply(Ljava/util/Map;)V+12
j  org.gradle.api.internal.project.DefaultProject.apply(Ljava/util/Map;)V+2
j  org.gradle.api.internal.project.ProjectScript.apply(Ljava/util/Map;)V+5
j  java.lang.invoke.LambdaForm$DMH+0x00000233f3028000.invokeInterface(Ljava/lang/Object;Ljava/lang/Object;Ljava/lang/Object;)V+24 java.base@17.0.19
j  java.lang.invoke.LambdaForm$MH+0x00000233f3570000.invoke(Ljava/lang/Object;Ljava/lang/Object;Ljava/lang/Object;)Ljava/lang/Object;+14 java.base@17.0.19
j  java.lang.invoke.LambdaForm$MH+0x00000233f34e6800.guardWithCatch(Ljava/lang/Object;Ljava/lang/Object;Ljava/lang/Object;)Ljava/lang/Object;+40 java.base@17.0.19
j  java.lang.invoke.LambdaForm$MH+0x00000233f34e8400.reinvoke(Ljava/lang/Object;Ljava/lang/Object;Ljava/lang/Object;)Ljava/lang/Object;+20 java.base@17.0.19
j  java.lang.invoke.LambdaForm$MH+0x00000233f34e8800.guard(Ljava/lang/Object;Ljava/lang/Object;Ljava/lang/Object;)Ljava/lang/Object;+74 java.base@17.0.19
j  java.lang.invoke.LambdaForm$MH+0x00000233f34e8400.reinvoke(Ljava/lang/Object;Ljava/lang/Object;Ljava/lang/Object;)Ljava/lang/Object;+20 java.base@17.0.19
j  java.lang.invoke.LambdaForm$MH+0x00000233f34e8800.guard(Ljava/lang/Object;Ljava/lang/Object;Ljava/lang/Object;)Ljava/lang/Object;+74 java.base@17.0.19
j  java.lang.invoke.LambdaForm$MH+0x00000233f34e8400.reinvoke(Ljava/lang/Object;Ljava/lang/Object;Ljava/lang/Object;)Ljava/lang/Object;+20 java.base@17.0.19
j  java.lang.invoke.LambdaForm$MH+0x00000233f34e9c00.invoke(Ljava/lang/Object;Ljava/lang/Object;)Ljava/lang/Object;+132 java.base@17.0.19
j  java.lang.invoke.LambdaForm$MH+0x00000233f34ea000.invokeExact_MT(Ljava/lang/Object;Ljava/lang/Object;Ljava/lang/Object;)Ljava/lang/Object;+19 java.base@17.0.19
j  org.codehaus.groovy.vmplugin.v8.IndyInterface.fromCache(Ljava/lang/invoke/MutableCallSite;Ljava/lang/Class;Ljava/lang/String;ILjava/lang/Boolean;Ljava/lang/Boolean;Ljava/lang/Boolean;Ljava/lang/Object;[Ljava/lang/Object;)Ljava/lang/Object;+139
j  java.lang.invoke.LambdaForm$DMH+0x00000233f34d8000.invokeStatic(Ljava/lang/Object;Ljava/lang/Object;Ljava/lang/Object;Ljava/lang/Object;ILjava/lang/Object;Ljava/lang/Object;Ljava/lang/Object;Ljava/lang/Object;Ljava/lang/Object;)Ljava/lang/Object;+26 java.base@17.0.19
j  java.lang.invoke.LambdaForm$MH+0x00000233f34e1c00.invoke(Ljava/lang/Object;Ljava/lang/Object;Ljava/lang/Object;)Ljava/lang/Object;+98 java.base@17.0.19
j  java.lang.invoke.Invokers$Holder.linkToCallSite(Ljava/lang/Object;Ljava/lang/Object;Ljava/lang/Object;)Ljava/lang/Object;+14 java.base@17.0.19
j  build_42gg331jkmih4mbg4p0911d7s.run()Ljava/lang/Object;+18
j  org.gradle.groovy.scripts.internal.DefaultScriptRunnerFactory$ScriptRunnerImpl.run(Ljava/lang/Object;Lorg/gradle/internal/service/ServiceRegistry;)V+57
j  org.gradle.configuration.DefaultScriptPluginFactory$ScriptPluginImpl.lambda$apply$1(Lorg/gradle/groovy/scripts/ScriptRunner;Ljava/lang/Object;Lorg/gradle/internal/service/CloseableServiceRegistry;)V+3
j  org.gradle.configuration.DefaultScriptPluginFactory$ScriptPluginImpl$$Lambda$613+0x00000233f34be9d0.run()V+12
j  org.gradle.configuration.ProjectScriptTarget.addConfiguration(Ljava/lang/Runnable;Z)V+18
j  org.gradle.configuration.DefaultScriptPluginFactory$ScriptPluginImpl.apply(Ljava/lang/Object;)V+342
j  org.gradle.configuration.BuildOperationScriptPlugin$1.run(Lorg/gradle/internal/operations/BuildOperationContext;)V+11
j  org.gradle.internal.operations.DefaultBuildOperationRunner$1.execute(Lorg/gradle/internal/operations/RunnableBuildOperation;Lorg/gradle/internal/operations/BuildOperationContext;)V+2
j  org.gradle.internal.operations.DefaultBuildOperationRunner$1.execute(Lorg/gradle/internal/operations/BuildOperation;Lorg/gradle/internal/operations/BuildOperationContext;)V+6
J 5805 c1 org.gradle.internal.operations.DefaultBuildOperationRunner$2.execute(Lorg/gradle/internal/operations/BuildOperationDescriptor;Lorg/gradle/internal/operations/BuildOperationState;Lorg/gradle/internal/operations/BuildOperationState;Lorg/gradle/internal/operations/DefaultBuildOperationRunner$ReadableBuildOperationContext;Lorg/gradle/internal/operations/DefaultBuildOperationRunner$BuildOperationExecutionListener;)Lorg/gradle/internal/operations/BuildOperation; (110 bytes) @ 0x00000233ee7b8594 [0x00000233ee7b8500+0x0000000000000094]
J 5587 c1 org.gradle.internal.operations.DefaultBuildOperationRunner.execute(Lorg/gradle/internal/operations/BuildOperationDescriptor$Builder;Lorg/gradle/internal/operations/DefaultBuildOperationRunner$BuildOperationExecution;)Ljava/lang/Object; (147 bytes) @ 0x00000233ee76b40c [0x00000233ee76ae40+0x00000000000005cc]
J 5328 c1 org.gradle.internal.operations.DefaultBuildOperationRunner.execute(Lorg/gradle/internal/operations/BuildOperation;Lorg/gradle/internal/operations/BuildOperationWorker;)V (22 bytes) @ 0x00000233ee7189c4 [0x00000233ee7188c0+0x0000000000000104]
j  org.gradle.internal.operations.DefaultBuildOperationRunner.run(Lorg/gradle/internal/operations/RunnableBuildOperation;)V+5
j  org.gradle.configuration.BuildOperationScriptPlugin.lambda$apply$0(Ljava/lang/Object;Lorg/gradle/internal/code/UserCodeApplicationId;)V+14
j  org.gradle.configuration.BuildOperationScriptPlugin$$Lambda$523+0x00000233f348a0c0.execute(Ljava/lang/Object;)V+12
j  org.gradle.internal.code.DefaultUserCodeApplicationContext.apply(Lorg/gradle/internal/code/UserCodeSource;Lorg/gradle/api/Action;)V+37
j  org.gradle.configuration.BuildOperationScriptPlugin.apply(Ljava/lang/Object;)V+71
j  org.gradle.configuration.project.BuildScriptProcessor$$Lambda$702+0x00000233f35625a0.accept(Ljava/lang/Object;)V+8
j  org.gradle.api.internal.project.DefaultProjectStateRegistry$ProjectStateImpl.lambda$applyToMutableState$0(Ljava/util/function/Consumer;Lorg/gradle/api/internal/project/ProjectInternal;)Ljava/lang/Object;+2
j  org.gradle.api.internal.project.DefaultProjectStateRegistry$ProjectStateImpl$$Lambda$674+0x00000233f3532b20.apply(Ljava/lang/Object;)Ljava/lang/Object;+8
j  org.gradle.api.internal.project.DefaultProjectStateRegistry$ProjectStateImpl.lambda$fromMutableState$1(Ljava/util/function/Function;)Ljava/lang/Object;+5
j  org.gradle.api.internal.project.DefaultProjectStateRegistry$ProjectStateImpl$$Lambda$675+0x00000233f3532d60.get()Ljava/lang/Object;+8
j  org.gradle.api.internal.project.DefaultProjectStateRegistry$ProjectStateImpl.runWithModelLock(Ljava/util/function/Supplier;)Ljava/lang/Object;+89
j  org.gradle.api.internal.project.DefaultProjectStateRegistry$ProjectStateImpl.fromMutableState(Ljava/util/function/Function;)Ljava/lang/Object;+8
j  org.gradle.api.internal.project.DefaultProjectStateRegistry$ProjectStateImpl.applyToMutableState(Ljava/util/function/Consumer;)V+7
j  org.gradle.configuration.project.BuildScriptProcessor.execute(Lorg/gradle/api/internal/project/ProjectInternal;)V+88
j  org.gradle.configuration.project.BuildScriptProcessor.execute(Ljava/lang/Object;)V+5
j  org.gradle.configuration.project.ConfigureActionsProjectEvaluator.evaluate(Lorg/gradle/api/internal/project/ProjectInternal;Lorg/gradle/api/internal/project/ProjectStateInternal;)V+33
j  org.gradle.configuration.project.LifecycleProjectEvaluator$EvaluateProject.lambda$run$0(Lorg/gradle/internal/operations/BuildOperationContext;Lorg/gradle/api/internal/project/ProjectInternal;)V+67
j  org.gradle.configuration.project.LifecycleProjectEvaluator$EvaluateProject$$Lambda$673+0x00000233f35328f0.accept(Ljava/lang/Object;)V+12
j  org.gradle.api.internal.project.DefaultProjectStateRegistry$ProjectStateImpl.lambda$applyToMutableState$0(Ljava/util/function/Consumer;Lorg/gradle/api/internal/project/ProjectInternal;)Ljava/lang/Object;+2
j  org.gradle.api.internal.project.DefaultProjectStateRegistry$ProjectStateImpl$$Lambda$674+0x00000233f3532b20.apply(Ljava/lang/Object;)Ljava/lang/Object;+8
j  org.gradle.api.internal.project.DefaultProjectStateRegistry$ProjectStateImpl.lambda$fromMutableState$1(Ljava/util/function/Function;)Ljava/lang/Object;+5
j  org.gradle.api.internal.project.DefaultProjectStateRegistry$ProjectStateImpl$$Lambda$675+0x00000233f3532d60.get()Ljava/lang/Object;+8
j  org.gradle.api.internal.project.DefaultProjectStateRegistry$ProjectStateImpl$$Lambda$676+0x00000233f3532f80.create()Ljava/lang/Object;+4
j  org.gradle.internal.work.DefaultWorkerLeaseService.lambda$withLocksAcquired$0(Lorg/gradle/internal/Factory;Ljava/util/Collection;)Ljava/lang/Object;+1
j  org.gradle.internal.work.DefaultWorkerLeaseService$$Lambda$222+0x00000233f3252938.create()Ljava/lang/Object;+12
j  org.gradle.internal.work.ResourceLockStatistics$1.measure(Ljava/lang/String;Ljava/lang/Iterable;Lorg/gradle/internal/Factory;)Ljava/lang/Object;+1
j  org.gradle.internal.work.DefaultWorkerLeaseService.withLocksAcquired(Ljava/util/Collection;Lorg/gradle/internal/Factory;)Ljava/lang/Object;+21
j  org.gradle.internal.work.DefaultWorkerLeaseService.lambda$withReplacedLocks$3(Lorg/gradle/internal/resources/ResourceLock;Lorg/gradle/internal/Factory;)Ljava/lang/Object;+6
j  org.gradle.internal.work.DefaultWorkerLeaseService$$Lambda$677+0x00000233f35331a0.create()Ljava/lang/Object;+12
j  org.gradle.internal.work.DefaultWorkerLeaseService.withoutLocks(Ljava/util/Collection;Lorg/gradle/internal/Factory;)Ljava/lang/Object;+10
j  org.gradle.internal.work.DefaultWorkerLeaseService.withReplacedLocks(Ljava/util/Collection;Lorg/gradle/internal/resources/ResourceLock;Lorg/gradle/internal/Factory;)Ljava/lang/Object;+27
j  org.gradle.api.internal.project.DefaultProjectStateRegistry$ProjectStateImpl.runWithModelLock(Ljava/util/function/Supplier;)Ljava/lang/Object;+129
j  org.gradle.api.internal.project.DefaultProjectStateRegistry$ProjectStateImpl.fromMutableState(Ljava/util/function/Function;)Ljava/lang/Object;+8
j  org.gradle.api.internal.project.DefaultProjectStateRegistry$ProjectStateImpl.applyToMutableState(Ljava/util/function/Consumer;)V+7
j  org.gradle.configuration.project.LifecycleProjectEvaluator$EvaluateProject.run(Lorg/gradle/internal/operations/BuildOperationContext;)V+16
j  org.gradle.internal.operations.DefaultBuildOperationRunner$1.execute(Lorg/gradle/internal/operations/RunnableBuildOperation;Lorg/gradle/internal/operations/BuildOperationContext;)V+2
j  org.gradle.internal.operations.DefaultBuildOperationRunner$1.execute(Lorg/gradle/internal/operations/BuildOperation;Lorg/gradle/internal/operations/BuildOperationContext;)V+6
J 5805 c1 org.gradle.internal.operations.DefaultBuildOperationRunner$2.execute(Lorg/gradle/internal/operations/BuildOperationDescriptor;Lorg/gradle/internal/operations/BuildOperationState;Lorg/gradle/internal/operations/BuildOperationState;Lorg/gradle/internal/operations/DefaultBuildOperationRunner$ReadableBuildOperationContext;Lorg/gradle/internal/operations/DefaultBuildOperationRunner$BuildOperationExecutionListener;)Lorg/gradle/internal/operations/BuildOperation; (110 bytes) @ 0x00000233ee7b8594 [0x00000233ee7b8500+0x0000000000000094]
J 5587 c1 org.gradle.internal.operations.DefaultBuildOperationRunner.execute(Lorg/gradle/internal/operations/BuildOperationDescriptor$Builder;Lorg/gradle/internal/operations/DefaultBuildOperationRunner$BuildOperationExecution;)Ljava/lang/Object; (147 bytes) @ 0x00000233ee76b40c [0x00000233ee76ae40+0x00000000000005cc]
J 5328 c1 org.gradle.internal.operations.DefaultBuildOperationRunner.execute(Lorg/gradle/internal/operations/BuildOperation;Lorg/gradle/internal/operations/BuildOperationWorker;)V (22 bytes) @ 0x00000233ee7189c4 [0x00000233ee7188c0+0x0000000000000104]
j  org.gradle.internal.operations.DefaultBuildOperationRunner.run(Lorg/gradle/internal/operations/RunnableBuildOperation;)V+5
j  org.gradle.configuration.project.LifecycleProjectEvaluator.evaluate(Lorg/gradle/api/internal/project/ProjectInternal;Lorg/gradle/api/internal/project/ProjectStateInternal;)V+42
j  org.gradle.api.internal.project.DefaultProject.evaluateUnchecked()Lorg/gradle/api/internal/project/ProjectInternal;+20
j  org.gradle.api.internal.project.ProjectLifecycleController.lambda$ensureSelfConfigured$2()V+4
j  org.gradle.api.internal.project.ProjectLifecycleController$$Lambda$671+0x00000233f3536ec0.run()V+4
j  org.gradle.internal.model.StateTransitionController.lambda$doTransition$15(Ljava/lang/Runnable;)Lorg/gradle/internal/build/ExecutionResult;+1
j  org.gradle.internal.model.StateTransitionController$$Lambda$339+0x00000233f3383ed8.get()Ljava/lang/Object;+4
j  org.gradle.internal.model.StateTransitionController.doTransition(Lorg/gradle/internal/model/StateTransitionController$State;Lorg/gradle/internal/model/StateTransitionController$State;Ljava/util/function/Supplier;)Lorg/gradle/internal/build/ExecutionResult;+24
j  org.gradle.internal.model.StateTransitionController.doTransition(Lorg/gradle/internal/model/StateTransitionController$State;Lorg/gradle/internal/model/StateTransitionController$State;Ljava/lang/Runnable;)V+9
j  org.gradle.internal.model.StateTransitionController.lambda$maybeTransitionIfNotCurrentlyTransitioning$11(Lorg/gradle/internal/model/StateTransitionController$State;Lorg/gradle/internal/model/StateTransitionController$State;Ljava/lang/Runnable;)V+16
j  org.gradle.internal.model.StateTransitionController$$Lambda$672+0x00000233f35370e0.run()V+16
j  org.gradle.internal.work.DefaultSynchronizer.withLock(Ljava/lang/Runnable;)V+6
j  org.gradle.internal.model.StateTransitionController.maybeTransitionIfNotCurrentlyTransitioning(Lorg/gradle/internal/model/StateTransitionController$State;Lorg/gradle/internal/model/StateTransitionController$State;Ljava/lang/Runnable;)V+13
j  org.gradle.api.internal.project.ProjectLifecycleController.ensureSelfConfigured()V+16
j  org.gradle.api.internal.project.DefaultProjectStateRegistry$ProjectStateImpl.ensureConfigured()V+19
j  org.gradle.execution.TaskPathProjectEvaluator.configure(Lorg/gradle/api/internal/project/ProjectInternal;)V+6
j  org.gradle.execution.TaskPathProjectEvaluator.configureHierarchy(Lorg/gradle/api/internal/project/ProjectInternal;)V+41
j  org.gradle.configuration.DefaultProjectsPreparer.prepareProjects(Lorg/gradle/api/internal/GradleInternal;)V+52
j  org.gradle.configuration.BuildTreePreparingProjectsPreparer.prepareProjects(Lorg/gradle/api/internal/GradleInternal;)V+114
j  org.gradle.configuration.BuildOperationFiringProjectsPreparer$ConfigureBuild.run(Lorg/gradle/internal/operations/BuildOperationContext;)V+11
j  org.gradle.internal.operations.DefaultBuildOperationRunner$1.execute(Lorg/gradle/internal/operations/RunnableBuildOperation;Lorg/gradle/internal/operations/BuildOperationContext;)V+2
j  org.gradle.internal.operations.DefaultBuildOperationRunner$1.execute(Lorg/gradle/internal/operations/BuildOperation;Lorg/gradle/internal/operations/BuildOperationContext;)V+6
j  org.gradle.internal.operations.DefaultBuildOperationRunner$2.execute(Lorg/gradle/internal/operations/BuildOperationDescriptor;Lorg/gradle/internal/operations/BuildOperationState;Lorg/gradle/internal/operations/BuildOperationState;Lorg/gradle/internal/operations/DefaultBuildOperationRunner$ReadableBuildOperationContext;Lorg/gradle/internal/operations/DefaultBuildOperationRunner$BuildOperationExecutionListener;)Lorg/gradle/internal/operations/BuildOperation;+22
j  org.gradle.internal.operations.DefaultBuildOperationRunner$2.execute(Lorg/gradle/internal/operations/BuildOperationDescriptor;Lorg/gradle/internal/operations/BuildOperationState;Lorg/gradle/internal/operations/BuildOperationState;Lorg/gradle/internal/operations/DefaultBuildOperationRunner$ReadableBuildOperationContext;Lorg/gradle/internal/operations/DefaultBuildOperationRunner$BuildOperationExecutionListener;)Ljava/lang/Object;+8
j  org.gradle.internal.operations.DefaultBuildOperationRunner.execute(Lorg/gradle/internal/operations/BuildOperationDescriptor$Builder;Lorg/gradle/internal/operations/DefaultBuildOperationRunner$BuildOperationExecution;)Ljava/lang/Object;+141
j  org.gradle.internal.operations.DefaultBuildOperationRunner.execute(Lorg/gradle/internal/operations/BuildOperation;Lorg/gradle/internal/operations/BuildOperationWorker;)V+17
j  org.gradle.internal.operations.DefaultBuildOperationRunner.run(Lorg/gradle/internal/operations/RunnableBuildOperation;)V+5
j  org.gradle.configuration.BuildOperationFiringProjectsPreparer.prepareProjects(Lorg/gradle/api/internal/GradleInternal;)V+13
j  org.gradle.initialization.VintageBuildModelController.lambda$prepareProjects$2()V+8
j  org.gradle.initialization.VintageBuildModelController$$Lambda$647+0x00000233f34f4488.run()V+4
j  org.gradle.internal.model.StateTransitionController.lambda$doTransition$15(Ljava/lang/Runnable;)Lorg/gradle/internal/build/ExecutionResult;+1
j  org.gradle.internal.model.StateTransitionController$$Lambda$339+0x00000233f3383ed8.get()Ljava/lang/Object;+4
j  org.gradle.internal.model.StateTransitionController.doTransition(Lorg/gradle/internal/model/StateTransitionController$State;Lorg/gradle/internal/model/StateTransitionController$State;Ljava/util/function/Supplier;)Lorg/gradle/internal/build/ExecutionResult;+24
j  org.gradle.internal.model.StateTransitionController.doTransition(Lorg/gradle/internal/model/StateTransitionController$State;Lorg/gradle/internal/model/StateTransitionController$State;Ljava/lang/Runnable;)V+9
j  org.gradle.internal.model.StateTransitionController.lambda$transitionIfNotPreviously$12(Lorg/gradle/internal/model/StateTransitionController$State;Lorg/gradle/internal/model/StateTransitionController$State;Ljava/lang/Runnable;)V+16
j  org.gradle.internal.model.StateTransitionController$$Lambda$341+0x00000233f3384318.run()V+16
j  org.gradle.internal.work.DefaultSynchronizer.withLock(Ljava/lang/Runnable;)V+6
j  org.gradle.internal.model.StateTransitionController.transitionIfNotPreviously(Lorg/gradle/internal/model/StateTransitionController$State;Lorg/gradle/internal/model/StateTransitionController$State;Ljava/lang/Runnable;)V+13
j  org.gradle.initialization.VintageBuildModelController.prepareProjects()V+16
j  org.gradle.initialization.VintageBuildModelController.prepareToScheduleTasks()V+5
j  org.gradle.internal.build.DefaultBuildLifecycleController.lambda$prepareToScheduleTasks$7()V+9
j  org.gradle.internal.build.DefaultBuildLifecycleController$$Lambda$337+0x00000233f3383a98.run()V+4
j  org.gradle.internal.model.StateTransitionController.lambda$doTransition$15(Ljava/lang/Runnable;)Lorg/gradle/internal/build/ExecutionResult;+1
j  org.gradle.internal.model.StateTransitionController$$Lambda$339+0x00000233f3383ed8.get()Ljava/lang/Object;+4
j  org.gradle.internal.model.StateTransitionController.doTransition(Lorg/gradle/internal/model/StateTransitionController$State;Lorg/gradle/internal/model/StateTransitionController$State;Ljava/util/function/Supplier;)Lorg/gradle/internal/build/ExecutionResult;+24
j  org.gradle.internal.model.StateTransitionController.doTransition(Lorg/gradle/internal/model/StateTransitionController$State;Lorg/gradle/internal/model/StateTransitionController$State;Ljava/lang/Runnable;)V+9
j  org.gradle.internal.model.StateTransitionController.lambda$maybeTransition$10(Lorg/gradle/internal/model/StateTransitionController$State;Lorg/gradle/internal/model/StateTransitionController$State;Ljava/lang/Runnable;)V+16
j  org.gradle.internal.model.StateTransitionController$$Lambda$338+0x00000233f3383cb8.run()V+16
j  org.gradle.internal.work.DefaultSynchronizer.withLock(Ljava/lang/Runnable;)V+6
j  org.gradle.internal.model.StateTransitionController.maybeTransition(Lorg/gradle/internal/model/StateTransitionController$State;Lorg/gradle/internal/model/StateTransitionController$State;Ljava/lang/Runnable;)V+13
j  org.gradle.internal.build.DefaultBuildLifecycleController.prepareToScheduleTasks()V+16
j  org.gradle.internal.buildtree.DefaultBuildTreeWorkPreparer.scheduleRequestedTasks(Lorg/gradle/internal/buildtree/BuildTreeWorkGraph;Lorg/gradle/execution/EntryTaskSelector;)Lorg/gradle/internal/buildtree/BuildTreeWorkGraph$FinalizedGraph;+4
j  org.gradle.internal.cc.impl.barrier.BarrierAwareBuildTreeWorkPreparer.scheduleRequestedTasks$lambda$0(Lorg/gradle/internal/cc/impl/barrier/BarrierAwareBuildTreeWorkPreparer;Lorg/gradle/internal/buildtree/BuildTreeWorkGraph;Lorg/gradle/execution/EntryTaskSelector;)Lorg/gradle/internal/buildtree/BuildTreeWorkGraph$FinalizedGraph;+6
j  org.gradle.internal.cc.impl.barrier.BarrierAwareBuildTreeWorkPreparer$$Lambda$336+0x00000233f33725f0.invoke()Ljava/lang/Object;+12
j  org.gradle.internal.cc.impl.barrier.VintageConfigurationTimeActionRunner.runConfigurationTimeAction(Lkotlin/jvm/functions/Function0;)Ljava/lang/Object;+25
j  org.gradle.internal.cc.impl.barrier.BarrierAwareBuildTreeWorkPreparer.scheduleRequestedTasks(Lorg/gradle/internal/buildtree/BuildTreeWorkGraph;Lorg/gradle/execution/EntryTaskSelector;)Lorg/gradle/internal/buildtree/BuildTreeWorkGraph$FinalizedGraph;+18
j  org.gradle.internal.cc.impl.VintageBuildTreeWorkController$scheduleAndRunRequestedTasks$1$finalizedGraph$1.call()Lorg/gradle/internal/buildtree/BuildTreeWorkGraph$FinalizedGraph;+15
j  org.gradle.internal.cc.impl.VintageBuildTreeWorkController$scheduleAndRunRequestedTasks$1$finalizedGraph$1.call()Ljava/lang/Object;+1
j  org.gradle.internal.Try.ofFailable(Ljava/util/concurrent/Callable;)Lorg/gradle/internal/Try;+1
j  org.gradle.internal.cc.impl.VintageBuildTreeWorkController$scheduleAndRunRequestedTasks$1.apply(Lorg/gradle/internal/buildtree/BuildTreeWorkGraph;)Lorg/gradle/internal/buildtree/BuildTreeWorkController$TaskRunResult;+25
j  org.gradle.internal.cc.impl.VintageBuildTreeWorkController$scheduleAndRunRequestedTasks$1.apply(Ljava/lang/Object;)Ljava/lang/Object;+5
j  org.gradle.composite.internal.DefaultIncludedBuildTaskGraph.withNewWorkGraph(Ljava/util/function/Function;)Ljava/lang/Object;+30
j  org.gradle.internal.cc.impl.VintageBuildTreeWorkController.scheduleAndRunRequestedTasks(Lorg/gradle/execution/EntryTaskSelector;)Lorg/gradle/internal/buildtree/BuildTreeWorkController$TaskRunResult;+16
j  org.gradle.internal.buildtree.DefaultBuildTreeLifecycleController.lambda$scheduleAndRunTasks$1(Lorg/gradle/execution/EntryTaskSelector;)Lorg/gradle/internal/build/ExecutionResult;+5
j  org.gradle.internal.buildtree.DefaultBuildTreeLifecycleController$$Lambda$331+0x00000233f3382070.get()Ljava/lang/Object;+8
j  org.gradle.internal.buildtree.DefaultBuildTreeLifecycleController.lambda$runBuild$5(Ljava/util/function/Supplier;)Ljava/lang/Object;+1
j  org.gradle.internal.buildtree.DefaultBuildTreeLifecycleController$$Lambda$332+0x00000233f3382290.get()Ljava/lang/Object;+8
j  org.gradle.internal.model.StateTransitionController.lambda$transition$7(Ljava/util/function/Supplier;)Lorg/gradle/internal/build/ExecutionResult;+1
j  org.gradle.internal.model.StateTransitionController$$Lambda$334+0x00000233f33826d0.get()Ljava/lang/Object;+4
j  org.gradle.internal.model.StateTransitionController.doTransition(Lorg/gradle/internal/model/StateTransitionController$State;Lorg/gradle/internal/model/StateTransitionController$State;Ljava/util/function/Supplier;)Lorg/gradle/internal/build/ExecutionResult;+24
j  org.gradle.internal.model.StateTransitionController.lambda$transition$8(Lorg/gradle/internal/model/StateTransitionController$State;Lorg/gradle/internal/model/StateTransitionController$State;Ljava/util/function/Supplier;)Ljava/lang/Object;+9
j  org.gradle.internal.model.StateTransitionController$$Lambda$333+0x00000233f33824b0.create()Ljava/lang/Object;+16
j  org.gradle.internal.work.DefaultSynchronizer.withLock(Lorg/gradle/internal/Factory;)Ljava/lang/Object;+6
j  org.gradle.internal.model.StateTransitionController.transition(Lorg/gradle/internal/model/StateTransitionController$State;Lorg/gradle/internal/model/StateTransitionController$State;Ljava/util/function/Supplier;)Ljava/lang/Object;+13
j  org.gradle.internal.buildtree.DefaultBuildTreeLifecycleController.runBuild(Ljava/util/function/Supplier;)Ljava/lang/Object;+17
j  org.gradle.internal.buildtree.DefaultBuildTreeLifecycleController.scheduleAndRunTasks(Lorg/gradle/execution/EntryTaskSelector;)V+8
j  org.gradle.internal.buildtree.DefaultBuildTreeLifecycleController.scheduleAndRunTasks()V+2
j  org.gradle.tooling.internal.provider.ExecuteBuildActionRunner.run(Lorg/gradle/internal/invocation/BuildAction;Lorg/gradle/internal/buildtree/BuildTreeLifecycleController;)Lorg/gradle/internal/buildtree/BuildActionRunner$Result;+12
j  org.gradle.launcher.exec.ChainingBuildActionRunner.run(Lorg/gradle/internal/invocation/BuildAction;Lorg/gradle/internal/buildtree/BuildTreeLifecycleController;)Lorg/gradle/internal/buildtree/BuildActionRunner$Result;+34
j  org.gradle.internal.buildtree.ProblemReportingBuildActionRunner.run(Lorg/gradle/internal/invocation/BuildAction;Lorg/gradle/internal/buildtree/BuildTreeLifecycleController;)Lorg/gradle/internal/buildtree/BuildActionRunner$Result;+12
j  org.gradle.launcher.exec.BuildOutcomeReportingBuildActionRunner.run(Lorg/gradle/internal/invocation/BuildAction;Lorg/gradle/internal/buildtree/BuildTreeLifecycleController;)Lorg/gradle/internal/buildtree/BuildActionRunner$Result;+69
j  org.gradle.tooling.internal.provider.FileSystemWatchingBuildActionRunner.run(Lorg/gradle/internal/invocation/BuildAction;Lorg/gradle/internal/buildtree/BuildTreeLifecycleController;)Lorg/gradle/internal/buildtree/BuildActionRunner$Result;+317
j  org.gradle.launcher.exec.BuildCompletionNotifyingBuildActionRunner.run(Lorg/gradle/internal/invocation/BuildAction;Lorg/gradle/internal/buildtree/BuildTreeLifecycleController;)Lorg/gradle/internal/buildtree/BuildActionRunner$Result;+6
j  org.gradle.launcher.exec.RootBuildLifecycleBuildActionExecutor.lambda$execute$0(Lorg/gradle/internal/invocation/BuildAction;Lorg/gradle/internal/buildtree/BuildTreeLifecycleController;)Lorg/gradle/internal/buildtree/BuildActionRunner$Result;+6
j  org.gradle.launcher.exec.RootBuildLifecycleBuildActionExecutor$$Lambda$323+0x00000233f336ee80.apply(Ljava/lang/Object;)Ljava/lang/Object;+12
j  org.gradle.composite.internal.DefaultRootBuildState.run(Ljava/util/function/Function;)Ljava/lang/Object;+92
j  org.gradle.launcher.exec.RootBuildLifecycleBuildActionExecutor.execute(Lorg/gradle/internal/invocation/BuildAction;)Lorg/gradle/internal/buildtree/BuildActionRunner$Result;+91
j  org.gradle.launcher.exec.BuildTreeLifecycleBuildActionExecutor.runRootBuildAction(Lorg/gradle/internal/invocation/BuildAction;Lorg/gradle/internal/service/ServiceRegistry;Lorg/gradle/internal/buildtree/BuildActionModelRequirements;Lorg/gradle/internal/buildtree/BuildModelParameters;)Lorg/gradle/internal/buildtree/BuildActionRunner$Result;+42
j  org.gradle.launcher.exec.BuildTreeLifecycleBuildActionExecutor.execute(Lorg/gradle/internal/invocation/BuildAction;Lorg/gradle/internal/session/BuildSessionContext;)Lorg/gradle/internal/buildtree/BuildActionRunner$Result;+50
j  org.gradle.launcher.exec.RunAsBuildOperationBuildActionExecutor$2.call(Lorg/gradle/internal/operations/BuildOperationContext;)Lorg/gradle/internal/buildtree/BuildActionRunner$Result;+25
j  org.gradle.launcher.exec.RunAsBuildOperationBuildActionExecutor$2.call(Lorg/gradle/internal/operations/BuildOperationContext;)Ljava/lang/Object;+2
j  org.gradle.internal.operations.DefaultBuildOperationRunner$CallableBuildOperationWorker.execute(Lorg/gradle/internal/operations/CallableBuildOperation;Lorg/gradle/internal/operations/BuildOperationContext;)V+3
j  org.gradle.internal.operations.DefaultBuildOperationRunner$CallableBuildOperationWorker.execute(Lorg/gradle/internal/operations/BuildOperation;Lorg/gradle/internal/operations/BuildOperationContext;)V+6
j  org.gradle.internal.operations.DefaultBuildOperationRunner$2.execute(Lorg/gradle/internal/operations/BuildOperationDescriptor;Lorg/gradle/internal/operations/BuildOperationState;Lorg/gradle/internal/operations/BuildOperationState;Lorg/gradle/internal/operations/DefaultBuildOperationRunner$ReadableBuildOperationContext;Lorg/gradle/internal/operations/DefaultBuildOperationRunner$BuildOperationExecutionListener;)Lorg/gradle/internal/operations/BuildOperation;+22
j  org.gradle.internal.operations.DefaultBuildOperationRunner$2.execute(Lorg/gradle/internal/operations/BuildOperationDescriptor;Lorg/gradle/internal/operations/BuildOperationState;Lorg/gradle/internal/operations/BuildOperationState;Lorg/gradle/internal/operations/DefaultBuildOperationRunner$ReadableBuildOperationContext;Lorg/gradle/internal/operations/DefaultBuildOperationRunner$BuildOperationExecutionListener;)Ljava/lang/Object;+8
j  org.gradle.internal.operations.DefaultBuildOperationRunner.execute(Lorg/gradle/internal/operations/BuildOperationDescriptor$Builder;Lorg/gradle/internal/operations/DefaultBuildOperationRunner$BuildOperationExecution;)Ljava/lang/Object;+141
j  org.gradle.internal.operations.DefaultBuildOperationRunner.execute(Lorg/gradle/internal/operations/BuildOperation;Lorg/gradle/internal/operations/BuildOperationWorker;)V+17
j  org.gradle.internal.operations.DefaultBuildOperationRunner.call(Lorg/gradle/internal/operations/CallableBuildOperation;)Ljava/lang/Object;+12
j  org.gradle.launcher.exec.RunAsBuildOperationBuildActionExecutor.execute(Lorg/gradle/internal/invocation/BuildAction;Lorg/gradle/internal/session/BuildSessionContext;)Lorg/gradle/internal/buildtree/BuildActionRunner$Result;+23
j  org.gradle.launcher.exec.RunAsWorkerThreadBuildActionExecutor.lambda$execute$0(Lorg/gradle/internal/invocation/BuildAction;Lorg/gradle/internal/session/BuildSessionContext;)Lorg/gradle/internal/buildtree/BuildActionRunner$Result;+6
j  org.gradle.launcher.exec.RunAsWorkerThreadBuildActionExecutor$$Lambda$220+0x00000233f3250dd8.create()Ljava/lang/Object;+12
j  org.gradle.internal.work.DefaultWorkerLeaseService.lambda$withLocksAcquired$0(Lorg/gradle/internal/Factory;Ljava/util/Collection;)Ljava/lang/Object;+1
j  org.gradle.internal.work.DefaultWorkerLeaseService$$Lambda$222+0x00000233f3252938.create()Ljava/lang/Object;+12
j  org.gradle.internal.work.ResourceLockStatistics$1.measure(Ljava/lang/String;Ljava/lang/Iterable;Lorg/gradle/internal/Factory;)Ljava/lang/Object;+1
j  org.gradle.internal.work.DefaultWorkerLeaseService.withLocksAcquired(Ljava/util/Collection;Lorg/gradle/internal/Factory;)Ljava/lang/Object;+21
j  org.gradle.internal.work.DefaultWorkerLeaseService.withLocks(Ljava/util/Collection;Lorg/gradle/internal/Factory;)Ljava/lang/Object;+25
j  org.gradle.internal.work.DefaultWorkerLeaseService.runAsWorkerThread(Lorg/gradle/internal/Factory;)Ljava/lang/Object;+33
j  org.gradle.launcher.exec.RunAsWorkerThreadBuildActionExecutor.execute(Lorg/gradle/internal/invocation/BuildAction;Lorg/gradle/internal/session/BuildSessionContext;)Lorg/gradle/internal/buildtree/BuildActionRunner$Result;+12
j  org.gradle.tooling.internal.provider.continuous.ContinuousBuildActionExecutor.execute(Lorg/gradle/internal/invocation/BuildAction;Lorg/gradle/internal/session/BuildSessionContext;)Lorg/gradle/internal/buildtree/BuildActionRunner$Result;+58
j  org.gradle.tooling.internal.provider.SubscribableBuildActionExecutor.execute(Lorg/gradle/internal/invocation/BuildAction;Lorg/gradle/internal/session/BuildSessionContext;)Lorg/gradle/internal/buildtree/BuildActionRunner$Result;+30
j  org.gradle.internal.session.DefaultBuildSessionContext.execute(Lorg/gradle/internal/invocation/BuildAction;)Lorg/gradle/internal/buildtree/BuildActionRunner$Result;+64
j  org.gradle.internal.buildprocess.execution.BuildSessionLifecycleBuildActionExecutor$ActionImpl.apply(Lorg/gradle/internal/session/BuildSessionContext;)Lorg/gradle/launcher/exec/BuildActionResult;+6
j  org.gradle.internal.buildprocess.execution.BuildSessionLifecycleBuildActionExecutor$ActionImpl.apply(Ljava/lang/Object;)Ljava/lang/Object;+5
j  org.gradle.internal.session.BuildSessionState.run(Ljava/util/function/Function;)Ljava/lang/Object;+5
j  org.gradle.internal.buildprocess.execution.BuildSessionLifecycleBuildActionExecutor.execute(Lorg/gradle/internal/invocation/BuildAction;Lorg/gradle/launcher/exec/BuildActionParameters;Lorg/gradle/initialization/BuildRequestContext;)Lorg/gradle/launcher/exec/BuildActionResult;+105
j  org.gradle.internal.buildprocess.execution.BuildSessionLifecycleBuildActionExecutor.execute(Lorg/gradle/internal/invocation/BuildAction;Ljava/lang/Object;Ljava/lang/Object;)Lorg/gradle/launcher/exec/BuildActionResult;+10
j  org.gradle.internal.buildprocess.execution.StartParamsValidatingActionExecutor.execute(Lorg/gradle/internal/invocation/BuildAction;Lorg/gradle/launcher/exec/BuildActionParameters;Lorg/gradle/initialization/BuildRequestContext;)Lorg/gradle/launcher/exec/BuildActionResult;+142
j  org.gradle.internal.buildprocess.execution.StartParamsValidatingActionExecutor.execute(Lorg/gradle/internal/invocation/BuildAction;Ljava/lang/Object;Ljava/lang/Object;)Lorg/gradle/launcher/exec/BuildActionResult;+10
j  org.gradle.internal.buildprocess.execution.SessionFailureReportingActionExecutor.execute(Lorg/gradle/internal/invocation/BuildAction;Lorg/gradle/launcher/exec/BuildActionParameters;Lorg/gradle/initialization/BuildRequestContext;)Lorg/gradle/launcher/exec/BuildActionResult;+7
j  org.gradle.internal.buildprocess.execution.SessionFailureReportingActionExecutor.execute(Lorg/gradle/internal/invocation/BuildAction;Ljava/lang/Object;Ljava/lang/Object;)Lorg/gradle/launcher/exec/BuildActionResult;+10
j  org.gradle.internal.buildprocess.execution.SetupLoggingActionExecutor.execute(Lorg/gradle/internal/invocation/BuildAction;Lorg/gradle/launcher/exec/BuildActionParameters;Lorg/gradle/initialization/BuildRequestContext;)Lorg/gradle/launcher/exec/BuildActionResult;+50
j  org.gradle.internal.buildprocess.execution.SetupLoggingActionExecutor.execute(Lorg/gradle/internal/invocation/BuildAction;Ljava/lang/Object;Ljava/lang/Object;)Lorg/gradle/launcher/exec/BuildActionResult;+10
j  org.gradle.launcher.daemon.server.exec.ExecuteBuild.doBuild(Lorg/gradle/launcher/daemon/server/api/DaemonCommandExecution;Lorg/gradle/launcher/daemon/protocol/Build;)V+147
j  org.gradle.launcher.daemon.server.exec.BuildCommandOnly.execute(Lorg/gradle/launcher/daemon/server/api/DaemonCommandExecution;)V+49
j  org.gradle.launcher.daemon.server.api.DaemonCommandExecution.proceed()Z+23
j  org.gradle.launcher.daemon.server.exec.WatchForDisconnection.execute(Lorg/gradle/launcher/daemon/server/api/DaemonCommandExecution;)V+19
j  org.gradle.launcher.daemon.server.api.DaemonCommandExecution.proceed()Z+23
j  org.gradle.launcher.daemon.server.exec.ResetDeprecationLogger.execute(Lorg/gradle/launcher/daemon/server/api/DaemonCommandExecution;)V+7
j  org.gradle.launcher.daemon.server.api.DaemonCommandExecution.proceed()Z+23
j  org.gradle.launcher.daemon.server.exec.RequestStopIfSingleUsedDaemon.execute(Lorg/gradle/launcher/daemon/server/api/DaemonCommandExecution;)V+33
j  org.gradle.launcher.daemon.server.api.DaemonCommandExecution.proceed()Z+23
j  org.gradle.launcher.daemon.server.exec.ForwardClientInput.lambda$execute$0(Lorg/gradle/launcher/daemon/server/api/DaemonCommandExecution;Lorg/gradle/internal/daemon/clientinput/StdinHandler;)Ljava/lang/Object;+11
j  org.gradle.launcher.daemon.server.exec.ForwardClientInput$$Lambda$121+0x00000233f3181e78.apply(Ljava/lang/Object;)Ljava/lang/Object;+8
j  org.gradle.internal.daemon.clientinput.ClientInputForwarder.forwardInput(Ljava/util/function/Function;)Ljava/lang/Object;+46
j  org.gradle.launcher.daemon.server.exec.ForwardClientInput.execute(Lorg/gradle/launcher/daemon/server/api/DaemonCommandExecution;)V+10
j  org.gradle.launcher.daemon.server.api.DaemonCommandExecution.proceed()Z+23
j  org.gradle.launcher.daemon.server.exec.LogAndCheckHealth.execute(Lorg/gradle/launcher/daemon/server/api/DaemonCommandExecution;)V+8
j  org.gradle.launcher.daemon.server.api.DaemonCommandExecution.proceed()Z+23
j  org.gradle.launcher.daemon.server.exec.LogToClient.doBuild(Lorg/gradle/launcher/daemon/server/api/DaemonCommandExecution;Lorg/gradle/launcher/daemon/protocol/Build;)V+87
j  org.gradle.launcher.daemon.server.exec.BuildCommandOnly.execute(Lorg/gradle/launcher/daemon/server/api/DaemonCommandExecution;)V+49
j  org.gradle.launcher.daemon.server.api.DaemonCommandExecution.proceed()Z+23
j  org.gradle.launcher.daemon.server.exec.EstablishBuildEnvironment.doBuild(Lorg/gradle/launcher/daemon/server/api/DaemonCommandExecution;Lorg/gradle/launcher/daemon/protocol/Build;)V+356
j  org.gradle.launcher.daemon.server.exec.BuildCommandOnly.execute(Lorg/gradle/launcher/daemon/server/api/DaemonCommandExecution;)V+49
j  org.gradle.launcher.daemon.server.api.DaemonCommandExecution.proceed()Z+23
j  org.gradle.launcher.daemon.server.exec.StartBuildOrRespondWithBusy$1.run()V+44
j  org.gradle.launcher.daemon.server.DaemonStateCoordinator.lambda$runCommand$0(Ljava/lang/Runnable;)V+1
j  org.gradle.launcher.daemon.server.DaemonStateCoordinator$$Lambda$120+0x00000233f3180ce0.run()V+8
j  org.gradle.internal.concurrent.ExecutorPolicy$CatchAndRecordFailures.onExecute(Ljava/lang/Runnable;)V+1
j  org.gradle.internal.concurrent.AbstractManagedExecutor$1.run()V+25
j  java.util.concurrent.ThreadPoolExecutor.runWorker(Ljava/util/concurrent/ThreadPoolExecutor$Worker;)V+92 java.base@17.0.19
j  java.util.concurrent.ThreadPoolExecutor$Worker.run()V+5 java.base@17.0.19
j  java.lang.Thread.run()V+11 java.base@17.0.19
v  ~StubRoutines::call_stub

Compiled method (n/a) 45358  593     n 0       java.lang.ClassLoader::defineClass1 (native)
 total in heap  [0x00000233edfe2e90,0x00000233edfe32f0] = 1120
 relocation     [0x00000233edfe2ff0,0x00000233edfe3020] = 48
 main code      [0x00000233edfe3020,0x00000233edfe32f0] = 720

[Constant Pool (empty)]

[MachCode]
[Entry Point]
  # {method} {0x00000233f2010f18} 'defineClass1' '(Ljava/lang/ClassLoader;Ljava/lang/String;[BIILjava/security/ProtectionDomain;Ljava/lang/String;)Ljava/lang/Class;' in 'java/lang/ClassLoader'
  # parm0:    rdx:rdx   = 'java/lang/ClassLoader'
  # parm1:    r8:r8     = 'java/lang/String'
  # parm2:    r9:r9     = '[B'
  # parm3:    rdi       = int
  # parm4:    rsi       = int
  # parm5:    rcx:rcx   = 'java/security/ProtectionDomain'
  # parm6:    [sp+0xa0]   = 'java/lang/String'  (sp of caller)
  0x00000233edfe3020: 448b 5208 | 49bb 0000 | 00f2 3302 | 0000 4d03 | d349 3bc2 | 0f84 0600 

  0x00000233edfe3038: ;   {runtime_call ic_miss_stub}
  0x00000233edfe3038: 0000 e941 | dde7 ff90 
[Verified Entry Point]
  0x00000233edfe3040: 8984 2400 | 90ff ff55 | 488b ec48 | 81ec 9000 | 0000 4881 | 7d10 0000 | 0000 488d | 4510 480f 
  0x00000233edfe3060: 4445 1048 | 8944 2440 | 4889 4c24 | 7048 83f9 | 0048 8d44 | 2470 480f | 4444 2470 | 4889 4424 
  0x00000233edfe3080: 3848 8974 | 2430 4889 | 7c24 284c | 894c 2458 | 4983 f900 | 488d 4424 | 5848 0f44 | 4424 5848 
  0x00000233edfe30a0: 8944 2420 | 4c89 4424 | 5049 83f8 | 004c 8d4c | 2450 4c0f | 444c 2450 | 4889 5424 | 4848 83fa 
  0x00000233edfe30c0: 004c 8d44 | 2448 4c0f | 4444 2448 

  0x00000233edfe30cc: ;   {oop(a 'java/lang/Class'{0x00000000eb0d13b0} = 'java/lang/ClassLoader')}
  0x00000233edfe30cc: 49be b013 | 0deb 0000 | 0000 4c89 | 7424 784c | 8d74 2478 | 498b d6c5 

  0x00000233edfe30e4: ;   {internal_word}
  0x00000233edfe30e4: f877 49ba | e330 feed | 3302 0000 | 4d89 97a0 | 0200 0049 | 89a7 9802 

  0x00000233edfe30fc: ;   {external_word}
  0x00000233edfe30fc: 0000 49ba | d5d6 7502 | fc7f 0000 | 4180 3a00 | 0f84 5200 | 0000 5241 

  0x00000233edfe3114: ;   {metadata({method} {0x00000233f2010f18} 'defineClass1' '(Ljava/lang/ClassLoader;Ljava/lang/String;[BIILjava/security/ProtectionDomain;Ljava/lang/String;)Ljava/lang/Class;' in 'java/lang/ClassLoader')}
  0x00000233edfe3114: 5041 5148 | ba10 0f01 | f233 0200 | 0049 8bcf | 4883 ec20 | f7c4 0f00 | 0000 0f84 | 1a00 0000 
  0x00000233edfe3134: 4883 ec08 

  0x00000233edfe3138: ;   {runtime_call}
  0x00000233edfe3138: 49ba 80a4 | 2b02 fc7f | 0000 41ff | d248 83c4 | 08e9 0d00 

  0x00000233edfe314c: ;   {runtime_call}
  0x00000233edfe314c: 0000 49ba | 80a4 2b02 | fc7f 0000 | 41ff d248 | 83c4 2041 | 5941 585a | 498d 8fb8 | 0200 0041 
  0x00000233edfe316c: c787 4003 | 0000 0400 

  0x00000233edfe3174: ;   {runtime_call}
  0x00000233edfe3174: 0000 49ba | ac16 c4b2 | fc7f 0000 | 41ff d2c5 | f877 41c7 | 8740 0300 | 0005 0000 | 00f0 8344 
  0x00000233edfe3194: 24c0 0049 | 3baf 4803 | 0000 0f87 | 1100 0000 | 4181 bf30 | 0300 0000 | 0000 000f | 842c 0000 
  0x00000233edfe31b4: 00c5 f877 | 4889 45f8 | 498b cf4c | 8be4 4883 | ec20 4883 

  0x00000233edfe31c8: ;   {runtime_call}
  0x00000233edfe31c8: e4f0 49ba | d0b3 3b02 | fc7f 0000 | 41ff d249 | 8be4 4d33 | e448 8b45 | f841 c787 | 4003 0000 
  0x00000233edfe31e8: 0800 0000 | 4181 bfb0 | 0300 0002 | 0000 000f | 84c5 0000 

  0x00000233edfe31fc: ;   {external_word}
  0x00000233edfe31fc: 0049 bad5 | d675 02fc | 7f00 0041 | 803a 000f | 8450 0000 | 0048 8945 

  0x00000233edfe3214: ;   {metadata({method} {0x00000233f2010f18} 'defineClass1' '(Ljava/lang/ClassLoader;Ljava/lang/String;[BIILjava/security/ProtectionDomain;Ljava/lang/String;)Ljava/lang/Class;' in 'java/lang/ClassLoader')}
  0x00000233edfe3214: f848 ba10 | 0f01 f233 | 0200 0049 | 8bcf 4883 | ec20 f7c4 | 0f00 0000 | 0f84 1a00 | 0000 4883 
  0x00000233edfe3234: ;   {runtime_call}
  0x00000233edfe3234: ec08 49ba | 80a4 2b02 | fc7f 0000 | 41ff d248 | 83c4 08e9 | 0d00 0000 

  0x00000233edfe324c: ;   {runtime_call}
  0x00000233edfe324c: 49ba 80a4 | 2b02 fc7f | 0000 41ff | d248 83c4 | 2048 8b45 | f849 c787 | 9802 0000 | 0000 0000 
  0x00000233edfe326c: 49c7 87a0 | 0200 0000 | 0000 00c5 | f877 4885 | c00f 8419 | 0000 0048 | f7c0 0100 | 0000 0f84 
  0x00000233edfe328c: 0900 0000 | 488b 40ff | e903 0000 | 0048 8b00 | 498b 8fd8 | 0000 00c7 | 8100 0100 | 0000 0000 
  0x00000233edfe32ac: 00c9 4981 | 7f08 0000 | 0000 0f85 | 0100 0000 

  0x00000233edfe32bc: ;   {runtime_call StubRoutines (1)}
  0x00000233edfe32bc: c3e9 3edc | e2ff c5f8 | 7748 8945 | f84c 8be4 | 4883 ec20 | 4883 e4f0 

  0x00000233edfe32d4: ;   {runtime_call}
  0x00000233edfe32d4: 49ba 70d5 | 2b02 fc7f | 0000 41ff | d249 8be4 | 4d33 e448 | 8b45 f8e9 | 0dff ffff 
[/MachCode]


Compiled method (c1) 45364  949       1       java.lang.ClassLoader::defineClass (43 bytes)
 total in heap  [0x00000233ee069610,0x00000233ee069bb0] = 1440
 relocation     [0x00000233ee069770,0x00000233ee0697d0] = 96
 main code      [0x00000233ee0697e0,0x00000233ee069980] = 416
 stub code      [0x00000233ee069980,0x00000233ee0699f8] = 120
 metadata       [0x00000233ee0699f8,0x00000233ee069a28] = 48
 scopes data    [0x00000233ee069a28,0x00000233ee069ae0] = 184
 scopes pcs     [0x00000233ee069ae0,0x00000233ee069b80] = 160
 dependencies   [0x00000233ee069b80,0x00000233ee069b88] = 8
 nul chk table  [0x00000233ee069b88,0x00000233ee069bb0] = 40

[Constant Pool (empty)]

[MachCode]
[Entry Point]
  # {method} {0x00000233f2010cb0} 'defineClass' '(Ljava/lang/String;[BIILjava/security/ProtectionDomain;)Ljava/lang/Class;' in 'java/lang/ClassLoader'
  # this:     rdx:rdx   = 'java/lang/ClassLoader'
  # parm0:    r8:r8     = 'java/lang/String'
  # parm1:    r9:r9     = '[B'
  # parm2:    rdi       = int
  # parm3:    rsi       = int
  # parm4:    rcx:rcx   = 'java/security/ProtectionDomain'
  #           [sp+0xc0]  (sp of caller)
  0x00000233ee0697e0: 448b 5208 | 49bb 0000 | 00f2 3302 | 0000 4d03 | d34c 3bd0 

  0x00000233ee0697f4: ;   {runtime_call ic_miss_stub}
  0x00000233ee0697f4: 0f85 8675 | dfff 660f | 1f44 0000 
[Verified Entry Point]
  0x00000233ee069800: 8984 2400 | 90ff ff55 | 4881 ecb0 | 0000 0048 | 8954 2478 | 89b4 2494 | 0000 0089 | bc24 9000 
  0x00000233ee069820: 0000 4c89 | 8c24 8800 | 0000 498b | d84c 8bc3 | 4c8b c948 | 8bca 488b | d148 899c | 2480 0000 
  0x00000233ee069840: 0066 0f1f 

  0x00000233ee069844: ;   {optimized virtual_call}
  0x00000233ee069844: 4400 00e8 

  0x00000233ee069848: ; ImmutableOopMap {[120]=Oop [136]=Oop [128]=Oop }
                      ;*invokevirtual preDefineClass {reexecute=0 rethrow=0 return_oop=0}
                      ; - java.lang.ClassLoader::defineClass@4 (line 1015)
  0x00000233ee069848: 7406 0000 | 4889 8424 | 9800 0000 

  0x00000233ee069854: ; implicit exception: dispatches to 0x00000233ee06991a
  0x00000233ee069854: 448b 4010 | 4983 f800 | 0f85 0f00 

  0x00000233ee069860: ;   {oop(NULL)}
  0x00000233ee069860: 0000 48bb | 0000 0000 | 0000 0000 | e936 0000 | 0045 8b40 | 0c49 83f8 | 000f 850f 

  0x00000233ee06987c: ;   {oop(NULL)}
  0x00000233ee06987c: 0000 0048 | bb00 0000 | 0000 0000 | 00e9 1900 | 0000 418b | 5038 483b 

  0x00000233ee069894: ;   {optimized virtual_call}
  0x00000233ee069894: 0266 90e8 

  0x00000233ee069898: ; ImmutableOopMap {[120]=Oop [136]=Oop [128]=Oop [152]=Oop }
                      ;*invokevirtual toExternalForm {reexecute=0 rethrow=0 return_oop=0}
                      ; - java.net.URL::toExternalForm@5 (line 1039)
                      ; - java.net.URL::toString@1 (line 1025)
                      ; - java.lang.ClassLoader::defineClassSourceLocation@22 (line 917)
                      ; - java.lang.ClassLoader::defineClass@12 (line 1016)
  0x00000233ee069898: 8419 f9ff | 488b d848 | 8b84 2498 | 0000 008b | b424 9400 | 0000 8bbc | 2490 0000 | 004c 8b8c 
  0x00000233ee0698b8: 2488 0000 | 004c 8b84 | 2480 0000 | 0048 8b54 | 2478 4c8b | da49 8bd3 | 488b c848 

  0x00000233ee0698d4: ;   {static_call}
  0x00000233ee0698d4: 891c 24e8 

  0x00000233ee0698d8: ; ImmutableOopMap {[152]=Oop [120]=Oop }
                      ;*invokestatic defineClass1 {reexecute=0 rethrow=0 return_oop=0}
                      ; - java.lang.ClassLoader::defineClass@27 (line 1017)
  0x00000233ee0698d8: 6497 f7ff | 4c8b c04c | 8b8c 2498 | 0000 0048 | 8b54 2478 | 4889 8424 | a000 0000 

  0x00000233ee0698f4: ;   {optimized virtual_call}
  0x00000233ee0698f4: 6666 90e8 

  0x00000233ee0698f8: ; ImmutableOopMap {[160]=Oop }
                      ;*invokevirtual postDefineClass {reexecute=0 rethrow=0 return_oop=0}
                      ; - java.lang.ClassLoader::defineClass@37 (line 1018)
  0x00000233ee0698f8: 841d faff | 488b 8424 | a000 0000 | 4881 c4b0 | 0000 005d 

  0x00000233ee06990c: ;   {poll_return}
  0x00000233ee06990c: 493b a748 | 0300 000f | 8715 0000 

  0x00000233ee069918: ;   {runtime_call throw_null_pointer_exception Runtime1 stub}
  0x00000233ee069918: 00c3 e801 

  0x00000233ee06991c: ; ImmutableOopMap {[120]=Oop [136]=Oop [128]=Oop rax=Oop [152]=Oop }
                      ;*invokevirtual getCodeSource {reexecute=0 rethrow=0 return_oop=0}
                      ; - java.lang.ClassLoader::defineClassSourceLocation@1 (line 914)
                      ; - java.lang.ClassLoader::defineClass@12 (line 1016)
                      ;   {runtime_call throw_null_pointer_exception Runtime1 stub}
  0x00000233ee06991c: 7de9 ffe8 

  0x00000233ee069920: ; ImmutableOopMap {[120]=Oop [136]=Oop [128]=Oop rax=Oop [152]=Oop }
                      ;*invokevirtual getLocation {reexecute=0 rethrow=0 return_oop=0}
                      ; - java.lang.ClassLoader::defineClassSourceLocation@12 (line 916)
                      ; - java.lang.ClassLoader::defineClass@12 (line 1016)
  0x00000233ee069920: fc7c e9ff 

  0x00000233ee069924: ;   {runtime_call throw_null_pointer_exception Runtime1 stub}
  0x00000233ee069924: e8f7 7ce9 

  0x00000233ee069928: ; ImmutableOopMap {[120]=Oop [136]=Oop [128]=Oop [152]=Oop r8=Oop }
                      ;*invokevirtual toString {reexecute=0 rethrow=0 return_oop=0}
                      ; - java.lang.ClassLoader::defineClassSourceLocation@22 (line 917)
                      ; - java.lang.ClassLoader::defineClass@12 (line 1016)
                      ;   {runtime_call throw_null_pointer_exception Runtime1 stub}
  0x00000233ee069928: ffe8 f27c 

  0x00000233ee06992c: ; ImmutableOopMap {[120]=Oop [136]=Oop [128]=Oop [152]=Oop r8=Oop rdx=Oop }
                      ;*invokevirtual toExternalForm {reexecute=0 rethrow=0 return_oop=0}
                      ; - java.net.URL::toExternalForm@5 (line 1039)
                      ; - java.net.URL::toString@1 (line 1025)
                      ; - java.lang.ClassLoader::defineClassSourceLocation@22 (line 917)
                      ; - java.lang.ClassLoader::defineClass@12 (line 1016)
                      ;   {internal_word}
  0x00000233ee06992c: e9ff 49ba | 0c99 06ee | 3302 0000 | 4d89 9760 

  0x00000233ee06993c: ;   {runtime_call SafepointBlob}
  0x00000233ee06993c: 0300 00e9 | bcdd dfff | 9090 498b | 87d8 0300 | 0049 c787 | d803 0000 | 0000 0000 | 49c7 87e0 
  0x00000233ee06995c: 0300 0000 | 0000 0048 | 81c4 b000 

  0x00000233ee069968: ;   {runtime_call unwind_exception Runtime1 stub}
  0x00000233ee069968: 0000 5de9 | 906a e9ff | f4f4 f4f4 | f4f4 f4f4 | f4f4 f4f4 | f4f4 f4f4 
[Stub Code]
  0x00000233ee069980: ;   {no_reloc}
  0x00000233ee069980: 0f1f 4400 

  0x00000233ee069984: ;   {static_stub}
  0x00000233ee069984: 0048 bb00 | 0000 0000 

  0x00000233ee06998c: ;   {runtime_call}
  0x00000233ee06998c: 0000 00e9 | fbff ffff 

  0x00000233ee069994: ;   {static_stub}
  0x00000233ee069994: 9048 bb00 | 0000 0000 

  0x00000233ee06999c: ;   {runtime_call}
  0x00000233ee06999c: 0000 00e9 | fbff ffff 

  0x00000233ee0699a4: ;   {static_stub}
  0x00000233ee0699a4: 9048 bb00 | 0000 0000 

  0x00000233ee0699ac: ;   {runtime_call}
  0x00000233ee0699ac: 0000 00e9 | fbff ffff 

  0x00000233ee0699b4: ;   {static_stub}
  0x00000233ee0699b4: 9048 bb00 | 0000 0000 

  0x00000233ee0699bc: ;   {runtime_call}
  0x00000233ee0699bc: 0000 00e9 | fbff ffff 
[Exception Handler]
  0x00000233ee0699c4: ;   {runtime_call handle_exception_from_callee Runtime1 stub}
  0x00000233ee0699c4: e837 9de9 

  0x00000233ee0699c8: ;   {external_word}
  0x00000233ee0699c8: ff48 b900 | fa4f 02fc | 7f00 0048 

  0x00000233ee0699d4: ;   {runtime_call}
  0x00000233ee0699d4: 83e4 f049 | baf0 9718 | 02fc 7f00 | 0041 ffd2 

  0x00000233ee0699e4: ;   {section_word}
  0x00000233ee0699e4: f449 bae5 | 9906 ee33 | 0200 0041 

  0x00000233ee0699f0: ;   {runtime_call DeoptimizationBlob}
  0x00000233ee0699f0: 52e9 aacf | dfff f4f4 
[/MachCode]


Compiled method (c1) 45371 3188   !   1       java.net.URLClassLoader::defineClass (224 bytes)
 total in heap  [0x00000233ee449590,0x00000233ee44b4a8] = 7960
 relocation     [0x00000233ee4496f0,0x00000233ee449918] = 552
 main code      [0x00000233ee449920,0x00000233ee44a7a0] = 3712
 stub code      [0x00000233ee44a7a0,0x00000233ee44a9b8] = 536
 oops           [0x00000233ee44a9b8,0x00000233ee44a9c0] = 8
 metadata       [0x00000233ee44a9c0,0x00000233ee44aa80] = 192
 scopes data    [0x00000233ee44aa80,0x00000233ee44af80] = 1280
 scopes pcs     [0x00000233ee44af80,0x00000233ee44b2f0] = 880
 dependencies   [0x00000233ee44b2f0,0x00000233ee44b318] = 40
 handler table  [0x00000233ee44b318,0x00000233ee44b450] = 312
 nul chk table  [0x00000233ee44b450,0x00000233ee44b4a8] = 88

[Constant Pool (empty)]

[MachCode]
[Entry Point]
  # {method} {0x000002338003b918} 'defineClass' '(Ljava/lang/String;Ljdk/internal/loader/Resource;)Ljava/lang/Class;' in 'java/net/URLClassLoader'
  # this:     rdx:rdx   = 'java/net/URLClassLoader'
  # parm0:    r8:r8     = 'java/lang/String'
  # parm1:    r9:r9     = 'jdk/internal/loader/Resource'
  #           [sp+0x1a0]  (sp of caller)
  0x00000233ee449920: 448b 5208 | 49bb 0000 | 00f2 3302 | 0000 4d03 | d34c 3bd0 

  0x00000233ee449934: ;   {runtime_call ic_miss_stub}
  0x00000233ee449934: 0f85 4674 | a1ff 660f | 1f44 0000 
[Verified Entry Point]
  0x00000233ee449940: 8984 2400 | 90ff ff55 | 4881 ec90 | 0100 004c | 8984 24c8 | 0000 004c | 898c 24d0 | 0000 0048 
  0x00000233ee449960: 8994 24d8 

  0x00000233ee449964: ;   {runtime_call}
  0x00000233ee449964: 0000 0049 | ba50 ff24 | 02fc 7f00 | 0041 ffd2 | 4889 8424 | e000 0000 | 4c8b 8424 | c800 0000 
  0x00000233ee449984: ; implicit exception: dispatches to 0x00000233ee44a534
  0x00000233ee449984: 418b 7014 

  0x00000233ee449988: ; implicit exception: dispatches to 0x00000233ee44a539
  0x00000233ee449988: 8b56 0c45 | 0fbe 4810 | 498b c9c1 | e118 c1f9 | 18d3 fa48 | 8bfa ffcf | 4183 f900 | ba00 0000 
  0x00000233ee4499a8: 000f 8505 | 0000 00ba | 0100 0000 | 83e2 0183 | fa00 488b | d641 b82e | 0000 004c | 8bcf 0f84 
  0x00000233ee4499c8: 0d00 0000 

  0x00000233ee4499cc: ;   {static_call}
  0x00000233ee4499cc: 6666 90e8 

  0x00000233ee4499d0: ; ImmutableOopMap {[216]=Oop [208]=Oop [200]=Oop }
                      ;*invokestatic lastIndexOf {reexecute=0 rethrow=0 return_oop=0}
                      ; - java.lang.String::lastIndexOf@13 (line 2489)
                      ; - java.lang.String::lastIndexOf@8 (line 2451)
                      ; - java.net.URLClassLoader::defineClass@7 (line 486)
  0x00000233ee4499d0: 6c34 b0ff | e90b 0000 | 0066 0f1f 

  0x00000233ee4499dc: ;   {static_call}
  0x00000233ee4499dc: 4400 00e8 

  0x00000233ee4499e0: ; ImmutableOopMap {[216]=Oop [208]=Oop [200]=Oop }
                      ;*invokestatic lastIndexOf {reexecute=0 rethrow=0 return_oop=0}
                      ; - java.lang.String::lastIndexOf@25 (line 2490)
                      ; - java.lang.String::lastIndexOf@8 (line 2451)
                      ; - java.net.URLClassLoader::defineClass@7 (line 486)
  0x00000233ee4499e0: 9c7c a1ff | 8984 24e8 | 0000 0048 | 8b94 24d0 | 0000 0066 | 9048 b8ff | ffff ffff 

  0x00000233ee4499fc: ;   {virtual_call}
  0x00000233ee4499fc: ffff ffe8 

  0x00000233ee449a00: ; ImmutableOopMap {[216]=Oop [208]=Oop [200]=Oop }
                      ;*invokevirtual getCodeSourceURL {reexecute=0 rethrow=0 return_oop=0}
                      ; - java.net.URLClassLoader::defineClass@13 (line 487)
  0x00000233ee449a00: a4e3 f8ff | 4889 8424 | f000 0000 | 448b 8c24 | e800 0000 | 4183 f9ff | 0f84 4801 | 0000 41b8 
  0x00000233ee449a20: 0000 0000 | 488b 9424 | c800 0000 

  0x00000233ee449a2c: ;   {optimized virtual_call}
  0x00000233ee449a2c: 6666 90e8 

  0x00000233ee449a30: ; ImmutableOopMap {[216]=Oop [208]=Oop [200]=Oop [240]=Oop }
                      ;*invokevirtual substring {reexecute=0 rethrow=0 return_oop=0}
                      ; - java.net.URLClassLoader::defineClass@28 (line 489)
  0x00000233ee449a30: 4c31 afff | 4889 8424 | f800 0000 | 488b 9424 | d000 0000 | 9048 b860 | 5219 f233 

  0x00000233ee449a4c: ;   {virtual_call}
  0x00000233ee449a4c: 0200 00e8 

  0x00000233ee449a50: ; ImmutableOopMap {[216]=Oop [208]=Oop [200]=Oop [240]=Oop [248]=Oop }
                      ;*invokevirtual getManifest {reexecute=0 rethrow=0 return_oop=0}
                      ; - java.net.URLClassLoader::defineClass@34 (line 491)
  0x00000233ee449a50: 2cae ffff | 4889 8424 | 0001 0000 | 4c8b 8424 | f800 0000 | 4c8b c848 | 8bbc 24f0 | 0000 0048 
  0x00000233ee449a70: 8b94 24d8 

  0x00000233ee449a74: ;   {optimized virtual_call}
  0x00000233ee449a74: 0000 00e8 

  0x00000233ee449a78: ; ImmutableOopMap {[216]=Oop [208]=Oop [200]=Oop [240]=Oop [248]=Oop [256]=Oop }
                      ;*invokevirtual getAndVerifyPackage {reexecute=0 rethrow=0 return_oop=0}
                      ; - java.net.URLClassLoader::defineClass@46 (line 492)
  0x00000233ee449a78: e436 bdff | 4883 f800 | 0f85 e000 | 0000 488b | 8424 0001 | 0000 4883 | f800 4c8b | 8424 f800 
  0x00000233ee449a98: 0000 0f84 | 2100 0000 | 4c8b c848 | 8bbc 24f0 | 0000 0048 | 8b94 24d8 | 0000 000f 

  0x00000233ee449ab4: ;   {optimized virtual_call}
  0x00000233ee449ab4: 1f40 00e8 

  0x00000233ee449ab8: ; ImmutableOopMap {[216]=Oop [208]=Oop [200]=Oop [240]=Oop [248]=Oop [256]=Oop }
                      ;*invokevirtual definePackage {reexecute=0 rethrow=0 return_oop=0}
                      ; - java.net.URLClassLoader::defineClass@64 (line 495)
  0x00000233ee449ab8: c4aa cdff | e9a5 0000 

  0x00000233ee449ac0: ;   {oop(NULL)}
  0x00000233ee449ac0: 0049 b900 | 0000 0000 

  0x00000233ee449ac8: ;   {oop(NULL)}
  0x00000233ee449ac8: 0000 0048 | bf00 0000 | 0000 0000 

  0x00000233ee449ad4: ;   {oop(NULL)}
  0x00000233ee449ad4: 0048 be00 | 0000 0000 

  0x00000233ee449adc: ;   {oop(NULL)}
  0x00000233ee449adc: 0000 0048 | b900 0000 | 0000 0000 | 004d 33d2 | 4c89 1424 | 4d33 d24c | 8954 2408 | 4d33 d24c 
  0x00000233ee449afc: 8954 2410 | 488b 9424 | d800 0000 | 0f1f 8000 

  0x00000233ee449b0c: ;   {optimized virtual_call}
  0x00000233ee449b0c: 0000 00e8 

  0x00000233ee449b10: ; ImmutableOopMap {[216]=Oop [208]=Oop [200]=Oop [240]=Oop [248]=Oop [256]=Oop }
                      ;*invokevirtual definePackage {reexecute=0 rethrow=0 return_oop=0}
                      ; - java.net.URLClassLoader::defineClass@81 (line 497)
  0x00000233ee449b10: 6c75 a1ff | e94d 0000 | 004c 8b8c | 2400 0100 | 0049 8b87 | d803 0000 | 4d33 d24d | 8997 d803 
  0x00000233ee449b30: 0000 4d33 | d24d 8997 | e003 0000 | 4c8b 8424 | f800 0000 | 488b bc24 | f000 0000 | 488b 9424 
  0x00000233ee449b50: d800 0000 

  0x00000233ee449b54: ;   {optimized virtual_call}
  0x00000233ee449b54: 6666 90e8 

  0x00000233ee449b58: ; ImmutableOopMap {[216]=Oop [208]=Oop [200]=Oop [240]=Oop [248]=Oop }
                      ;*invokevirtual getAndVerifyPackage {reexecute=0 rethrow=0 return_oop=0}
                      ; - java.net.URLClassLoader::defineClass@97 (line 502)
  0x00000233ee449b58: 2475 a1ff | 4883 f800 | 0f84 8c01 | 0000 4c8b | 8c24 d000 | 0000 488d | 9424 6001 | 0000 4c89 
  0x00000233ee449b78: 4a08 498b | 0148 83c8 | 0148 8902 | f049 0fb1 | 110f 8413 | 0000 0048 | 2bc4 4881 | e007 f0ff 
  0x00000233ee449b98: ff48 8902 | 0f85 9c09 | 0000 418b | 510c 4883 | fa00 0f85 | 3800 0000 | 498b d166 | 9048 b8ff 
  0x00000233ee449bb8: ffff ffff 

  0x00000233ee449bbc: ;   {virtual_call}
  0x00000233ee449bbc: ffff ffe8 

  0x00000233ee449bc0: ; ImmutableOopMap {[216]=Oop [200]=Oop [240]=Oop [208]=Oop [360]=Oop }
                      ;*invokevirtual getInputStream {reexecute=0 rethrow=0 return_oop=0}
                      ; - jdk.internal.loader.Resource::cachedInputStream@9 (line 77)
                      ; - jdk.internal.loader.Resource::getByteBuffer@1 (line 163)
                      ; - java.net.URLClassLoader::defineClass@132 (line 511)
  0x00000233ee449bc0: acf9 abff | 4c8b 8c24 | d000 0000 | 4c8b d045 | 8951 0c49 | 8bc1 48c1 | e809 48ba | 0000 77f0 
  0x00000233ee449be0: 3302 0000 | c604 1000 | 418b 510c | 488d 8424 | 6001 0000 | 488b 3048 | 85f6 0f84 | 0f00 0000 
  0x00000233ee449c00: 488b 7808 | f048 0fb1 | 370f 8542 | 0900 0048 | 83fa 000f | 8444 0000 

  0x00000233ee449c18: ;   {metadata('sun/nio/ByteBuffered')}
  0x00000233ee449c18: 0048 b818 | bd0d f233 | 0200 008b | 5a08 49ba | 0000 00f2 | 3302 0000 | 4903 da48 | 3b43 200f 
  0x00000233ee449c38: 8425 0000 | 0048 3bd8 | 0f84 1c00 | 0000 5350 

  0x00000233ee449c48: ;   {runtime_call slow_subtype_check Runtime1 stub}
  0x00000233ee449c48: e8b3 a6ab | ff5b 5b83 | fb00 0f84 | 0500 0000 | e905 0000 | 0048 33f6 | eb0a 48be | 0100 0000 
  0x00000233ee449c68: 0000 0000 | 83fe 000f | 8464 0000 | 0048 83fa | 000f 8444 

  0x00000233ee449c7c: ;   {metadata('sun/nio/ByteBuffered')}
  0x00000233ee449c7c: 0000 0048 | bb18 bd0d | f233 0200 | 008b 7a08 | 49ba 0000 | 00f2 3302 | 0000 4903 | fa48 3b5f 
  0x00000233ee449c9c: 200f 8420 | 0000 0048 | 3bfb 0f84 | 1700 0000 

  0x00000233ee449cac: ;   {runtime_call slow_subtype_check Runtime1 stub}
  0x00000233ee449cac: 5753 e84d | a6ab ff5f | 5f83 ff00 | 0f84 a908 | 0000 e900 | 0000 0066 | 9048 b8ff | ffff ffff 
  0x00000233ee449ccc: ;   {virtual_call}
  0x00000233ee449ccc: ffff ffe8 

  0x00000233ee449cd0: ; ImmutableOopMap {[216]=Oop [200]=Oop [240]=Oop [208]=Oop }
                      ;*invokeinterface getByteBuffer {reexecute=0 rethrow=0 return_oop=0}
                      ; - jdk.internal.loader.Resource::getByteBuffer@16 (line 165)
                      ; - java.net.URLClassLoader::defineClass@132 (line 511)
  0x00000233ee449cd0: ac76 a1ff | e90a 0000 

  0x00000233ee449cd8: ;   {oop(NULL)}
  0x00000233ee449cd8: 0048 b800 | 0000 0000 | 0000 0048 | 83f8 000f | 84fd 0300 | 00e9 f201 

  0x00000233ee449cf0: ;   {metadata('java/lang/AssertionError')}
  0x00000233ee449cf0: 0000 48ba | 5048 04f3 | 3302 0000 

  0x00000233ee449cfc: ; implicit exception: dispatches to 0x00000233ee44a570
  0x00000233ee449cfc: 80ba 3301 | 0000 040f | 856c 0800 | 0049 8b87 | 0801 0000 | 488d 7828 | 493b bf18 | 0100 000f 
  0x00000233ee449d1c: 8754 0800 | 0049 89bf | 0801 0000 | 48c7 0001 | 0000 0048 | 8bca 49ba | 0000 00f2 | 3302 0000 
  0x00000233ee449d3c: 492b ca89 | 4808 4833 | c989 480c | 4833 c948 | 8948 1048 | 8948 1848 | 8948 2048 | 8984 2410 
  0x00000233ee449d5c: ;   {metadata('java/lang/StringBuilder')}
  0x00000233ee449d5c: 0100 0048 | bae0 f400 | f233 0200 | 0049 8b87 | 0801 0000 | 488d 7818 | 493b bf18 | 0100 000f 
  0x00000233ee449d7c: 8701 0800 | 0049 89bf | 0801 0000 | 48c7 0001 | 0000 0048 | 8bca 49ba | 0000 00f2 | 3302 0000 
  0x00000233ee449d9c: 492b ca89 | 4808 4833 | c989 480c | 4833 c948 | 8948 1041 | b810 0000 | 0048 8bd0 | 4889 8424 
  0x00000233ee449dbc: 0801 0000 | 0f1f 8000 

  0x00000233ee449dc4: ;   {optimized virtual_call}
  0x00000233ee449dc4: 0000 00e8 

  0x00000233ee449dc8: ; ImmutableOopMap {[272]=Oop [248]=Oop [264]=Oop }
                      ;*invokespecial <init> {reexecute=0 rethrow=0 return_oop=0}
                      ; - java.lang.StringBuilder::<init>@3 (line 106)
                      ; - java.net.URLClassLoader::defineClass@111 (line 504)
  0x00000233ee449dc8: b472 a1ff 

  0x00000233ee449dcc: ;   {oop("Cannot find package "{0x00000000eb0d6738})}
  0x00000233ee449dcc: 49b8 3867 | 0deb 0000 | 0000 488b | 9424 0801 

  0x00000233ee449ddc: ;   {optimized virtual_call}
  0x00000233ee449ddc: 0000 90e8 

  0x00000233ee449de0: ; ImmutableOopMap {[272]=Oop [248]=Oop [264]=Oop }
                      ;*invokespecial append {reexecute=0 rethrow=0 return_oop=0}
                      ; - java.lang.StringBuilder::append@2 (line 179)
                      ; - java.net.URLClassLoader::defineClass@116 (line 504)
  0x00000233ee449de0: 9c72 a1ff | 4c8b 8424 | f800 0000 | 488b 9424 | 0801 0000 

  0x00000233ee449df4: ;   {optimized virtual_call}
  0x00000233ee449df4: 6666 90e8 

  0x00000233ee449df8: ; ImmutableOopMap {[272]=Oop [264]=Oop }
                      ;*invokespecial append {reexecute=0 rethrow=0 return_oop=0}
                      ; - java.lang.StringBuilder::append@2 (line 179)
                      ; - java.net.URLClassLoader::defineClass@121 (line 504)
  0x00000233ee449df8: 8472 a1ff | 488b 8424 | 0801 0000 | 0fbe 5010 | 83fa 00ba | 0000 0000 | 0f85 0500 | 0000 ba01 
  0x00000233ee449e18: 0000 0083 | e201 83fa | 000f 840b | 0500 0044 | 8b40 1444 | 8b48 0c41 | 83f9 000f | 850f 0000 
  0x00000233ee449e38: ;   {oop(""{0x00000000eb0d50a0})}
  0x00000233ee449e38: 0048 bea0 | 500d eb00 | 0000 00e9 | ff04 0000 

  0x00000233ee449e48: ;   {metadata('java/lang/String')}
  0x00000233ee449e48: 48ba e0e9 | 00f2 3302 | 0000 498b | 8708 0100 | 0048 8d78 | 1849 3bbf | 1801 0000 | 0f87 2507 
  0x00000233ee449e68: 0000 4989 | bf08 0100 | 0048 c700 | 0100 0000 | 488b ca49 | ba00 0000 | f233 0200 | 0049 2bca 
  0x00000233ee449e88: 8948 0848 | 33c9 8948 | 0c48 33c9 | 4889 4810 | 498b d041 | b800 0000 | 0048 8984 | 2418 0100 
  0x00000233ee449ea8: 0066 0f1f 

  0x00000233ee449eac: ;   {static_call}
  0x00000233ee449eac: 4400 00e8 

  0x00000233ee449eb0: ; ImmutableOopMap {[272]=Oop [280]=Oop }
                      ;*invokestatic copyOfRange {reexecute=0 rethrow=0 return_oop=0}
                      ; - java.lang.StringLatin1::newString@16 (line 769)
                      ; - java.lang.StringBuilder::toString@16 (line 453)
                      ; - java.net.URLClassLoader::defineClass@124 (line 504)
  0x00000233ee449eb0: cc77 a1ff | 488b 9424 | 1801 0000 | 4c8b d044 | 8952 1448 | 8bc2 48c1 | e809 48be | 0000 77f0 
  0x00000233ee449ed0: 3302 0000 | c604 3000 | c642 1000 | 488b f2e9 | 6304 0000 | 4889 8424 | 2001 0000 | 488b 9424 
  0x00000233ee449ef0: d000 0000 | 9048 b8ff | ffff ffff 

  0x00000233ee449efc: ;   {virtual_call}
  0x00000233ee449efc: ffff ffe8 

  0x00000233ee449f00: ; ImmutableOopMap {[216]=Oop [200]=Oop [240]=Oop [288]=Oop }
                      ;*invokevirtual getCodeSigners {reexecute=0 rethrow=0 return_oop=0}
                      ; - java.net.URLClassLoader::defineClass@143 (line 514)
  0x00000233ee449f00: 7c74 a1ff 

  0x00000233ee449f04: ;   {metadata('java/security/CodeSource')}
  0x00000233ee449f04: 4c8b c848 | baa0 ee00 | f233 0200 | 0049 8b87 | 0801 0000 | 488d 7828 | 493b bf18 | 0100 000f 
  0x00000233ee449f24: 8773 0600 | 0049 89bf | 0801 0000 | 48c7 0001 | 0000 0048 | 8bca 49ba | 0000 00f2 | 3302 0000 
  0x00000233ee449f44: 492b ca89 | 4808 4833 | c989 480c | 4833 c948 | 8948 1048 | 8948 1848 | 8948 204c | 8b84 24f0 
  0x00000233ee449f64: 0000 0048 | 8bd0 4889 | 8424 2801 | 0000 0f1f 

  0x00000233ee449f74: ;   {optimized virtual_call}
  0x00000233ee449f74: 4400 00e8 

  0x00000233ee449f78: ; ImmutableOopMap {[216]=Oop [200]=Oop [288]=Oop [296]=Oop }
                      ;*invokespecial <init> {reexecute=0 rethrow=0 return_oop=0}
                      ; - java.net.URLClassLoader::defineClass@156 (line 515)
  0x00000233ee449f78: 0471 a1ff 

  0x00000233ee449f7c: ;   {runtime_call}
  0x00000233ee449f7c: 49ba 50ff | 2402 fc7f | 0000 41ff | d248 8bb4 | 24e0 0000 | 0048 2bc6 | 4889 8424 | 3801 0000 
  0x00000233ee449f9c: ;   {oop(a 'jdk/internal/perf/PerfCounter'{0x00000000eb0d66c0})}
  0x00000233ee449f9c: 48be c066 | 0deb 0000 | 0000 4c8d | 8424 6001 | 0000 4989 | 7008 488b | 0648 83c8 | 0149 8900 
  0x00000233ee449fbc: f04c 0fb1 | 060f 8413 | 0000 0048 | 2bc4 4881 | e007 f0ff | ff49 8900 | 0f85 d405 | 0000 4c8d 
  0x00000233ee449fdc: 8424 7001 | 0000 4989 | 7008 488b | 0648 83c8 | 0149 8900 | f04c 0fb1 | 060f 8413 | 0000 0048 
  0x00000233ee449ffc: 2bc4 4881 | e007 f0ff | ff49 8900 | 0f85 b305 | 0000 8b56 | 1048 3b02 | 41b8 0000 | 0000 4889 
  0x00000233ee44a01c: b424 3001 | 0000 0f1f 

  0x00000233ee44a024: ;   {optimized virtual_call}
  0x00000233ee44a024: 4400 00e8 

  0x00000233ee44a028: ; ImmutableOopMap {[216]=Oop [200]=Oop [288]=Oop [296]=Oop [304]=Oop [360]=Oop [376]=Oop }
                      ;*invokevirtual get {reexecute=0 rethrow=0 return_oop=0}
                      ; - jdk.internal.perf.PerfCounter::get@5 (line 84)
                      ; - jdk.internal.perf.PerfCounter::add@1 (line 98)
                      ; - jdk.internal.perf.PerfCounter::addElapsedTimeFrom@6 (line 120)
                      ; - java.net.URLClassLoader::defineClass@165 (line 516)
  0x00000233ee44a028: 5470 a1ff | 4c8b c048 | 8d84 2470 | 0100 004c | 8b08 4d85 | c90f 840f | 0000 0048 | 8b50 08f0 
  0x00000233ee44a048: 4c0f b10a | 0f85 8705 | 0000 488b | b424 3001 | 0000 8b56 | 1048 3b02 | 4d8b c848 | 8b84 2438 
  0x00000233ee44a068: 0100 004c | 03c8 41b8 | 0000 0000 

  0x00000233ee44a074: ;   {optimized virtual_call}
  0x00000233ee44a074: 6666 90e8 

  0x00000233ee44a078: ; ImmutableOopMap {[216]=Oop [200]=Oop [288]=Oop [296]=Oop [360]=Oop }
                      ;*invokevirtual put {reexecute=0 rethrow=0 return_oop=0}
                      ; - jdk.internal.perf.PerfCounter::add@13 (line 99)
                      ; - jdk.internal.perf.PerfCounter::addElapsedTimeFrom@6 (line 120)
                      ; - java.net.URLClassLoader::defineClass@165 (line 516)
  0x00000233ee44a078: 0470 a1ff | 488d 8424 | 6001 0000 | 4c8b 004d | 85c0 0f84 | 0f00 0000 | 488b 5008 | f04c 0fb1 
  0x00000233ee44a098: 020f 8555 | 0500 004c | 8b84 2428 | 0100 0048 | 8b94 24d8 

  0x00000233ee44a0ac: ;   {optimized virtual_call}
  0x00000233ee44a0ac: 0000 00e8 

  0x00000233ee44a0b0: ; ImmutableOopMap {[216]=Oop [200]=Oop [288]=Oop [296]=Oop }
                      ;*invokevirtual getProtectionDomain {reexecute=0 rethrow=0 return_oop=0}
                      ; - java.security.SecureClassLoader::defineClass@5 (line 182)
                      ; - java.net.URLClassLoader::defineClass@174 (line 517)
  0x00000233ee44a0b0: cc6f a1ff | 4c8b 8424 | c800 0000 | 4c8b 8c24 | 2001 0000 | 488b f848 | 8b94 24d8 

  0x00000233ee44a0cc: ;   {optimized virtual_call}
  0x00000233ee44a0cc: 0000 00e8 

  0x00000233ee44a0d0: ; ImmutableOopMap {[216]=Oop [200]=Oop [288]=Oop [296]=Oop }
                      ;*invokevirtual defineClass {reexecute=0 rethrow=0 return_oop=0}
                      ; - java.security.SecureClassLoader::defineClass@8 (line 182)
                      ; - java.net.URLClassLoader::defineClass@174 (line 517)
  0x00000233ee44a0d0: ac6f a1ff | 4881 c490 | 0100 005d 

  0x00000233ee44a0dc: ;   {poll_return}
  0x00000233ee44a0dc: 493b a748 | 0300 000f | 8721 0500 | 00c3 4c8b | 8c24 d000 | 0000 498b | d148 b8ff | ffff ffff 
  0x00000233ee44a0fc: ;   {virtual_call}
  0x00000233ee44a0fc: ffff ffe8 

  0x00000233ee44a100: ; ImmutableOopMap {[216]=Oop [200]=Oop [208]=Oop [240]=Oop }
                      ;*invokevirtual getBytes {reexecute=0 rethrow=0 return_oop=0}
                      ; - java.net.URLClassLoader::defineClass@179 (line 519)
  0x00000233ee44a100: 9cf4 abff | 4889 8424 | 4001 0000 | 488b 9424 | d000 0000 | 9048 b8ff | ffff ffff 

  0x00000233ee44a11c: ;   {virtual_call}
  0x00000233ee44a11c: ffff ffe8 

  0x00000233ee44a120: ; ImmutableOopMap {[216]=Oop [200]=Oop [240]=Oop [320]=Oop }
                      ;*invokevirtual getCodeSigners {reexecute=0 rethrow=0 return_oop=0}
                      ; - java.net.URLClassLoader::defineClass@185 (line 521)
  0x00000233ee44a120: 2cf8 abff 

  0x00000233ee44a124: ;   {metadata('java/security/CodeSource')}
  0x00000233ee44a124: 4c8b c848 | baa0 ee00 | f233 0200 | 0049 8b87 | 0801 0000 | 488d 7828 | 493b bf18 | 0100 000f 
  0x00000233ee44a144: 87d7 0400 | 0049 89bf | 0801 0000 | 48c7 0001 | 0000 0048 | 8bca 49ba | 0000 00f2 | 3302 0000 
  0x00000233ee44a164: 492b ca89 | 4808 4833 | c989 480c | 4833 c948 | 8948 1048 | 8948 1848 | 8948 204c | 8b84 24f0 
  0x00000233ee44a184: 0000 0048 | 8bd0 4889 | 8424 4801 | 0000 0f1f 

  0x00000233ee44a194: ;   {optimized virtual_call}
  0x00000233ee44a194: 4400 00e8 

  0x00000233ee44a198: ; ImmutableOopMap {[216]=Oop [200]=Oop [320]=Oop [328]=Oop }
                      ;*invokespecial <init> {reexecute=0 rethrow=0 return_oop=0}
                      ; - java.net.URLClassLoader::defineClass@198 (line 522)
  0x00000233ee44a198: c4df c1ff 

  0x00000233ee44a19c: ;   {runtime_call}
  0x00000233ee44a19c: 49ba 50ff | 2402 fc7f | 0000 41ff | d24c 8b84 | 24e0 0000 | 0049 2bc0 | 4889 8424 | 5801 0000 
  0x00000233ee44a1bc: ;   {oop(a 'jdk/internal/perf/PerfCounter'{0x00000000eb0d66c0})}
  0x00000233ee44a1bc: 48be c066 | 0deb 0000 | 0000 4c8d | 8424 6001 | 0000 4989 | 7008 488b | 0648 83c8 | 0149 8900 
  0x00000233ee44a1dc: f04c 0fb1 | 060f 8413 | 0000 0048 | 2bc4 4881 | e007 f0ff | ff49 8900 | 0f85 3804 | 0000 4c8d 
  0x00000233ee44a1fc: 8424 7001 | 0000 4989 | 7008 488b | 0648 83c8 | 0149 8900 | f04c 0fb1 | 060f 8413 | 0000 0048 
  0x00000233ee44a21c: 2bc4 4881 | e007 f0ff | ff49 8900 | 0f85 1704 | 0000 8b56 | 1048 3b02 | 41b8 0000 | 0000 4889 
  0x00000233ee44a23c: b424 5001 | 0000 0f1f 

  0x00000233ee44a244: ;   {optimized virtual_call}
  0x00000233ee44a244: 4400 00e8 

  0x00000233ee44a248: ; ImmutableOopMap {[216]=Oop [200]=Oop [320]=Oop [328]=Oop [336]=Oop [360]=Oop [376]=Oop }
                      ;*invokevirtual get {reexecute=0 rethrow=0 return_oop=0}
                      ; - jdk.internal.perf.PerfCounter::get@5 (line 84)
                      ; - jdk.internal.perf.PerfCounter::add@1 (line 98)
                      ; - jdk.internal.perf.PerfCounter::addElapsedTimeFrom@6 (line 120)
                      ; - java.net.URLClassLoader::defineClass@207 (line 523)
  0x00000233ee44a248: b4c6 b7ff | 4c8b c048 | 8d84 2470 | 0100 004c | 8b08 4d85 | c90f 840f | 0000 0048 | 8b50 08f0 
  0x00000233ee44a268: 4c0f b10a | 0f85 eb03 | 0000 488b | b424 5001 | 0000 8b56 | 1048 3b02 | 4d8b c848 | 8b84 2458 
  0x00000233ee44a288: 0100 004c | 03c8 41b8 | 0000 0000 

  0x00000233ee44a294: ;   {optimized virtual_call}
  0x00000233ee44a294: 6666 90e8 

  0x00000233ee44a298: ; ImmutableOopMap {[216]=Oop [200]=Oop [320]=Oop [328]=Oop [360]=Oop }
                      ;*invokevirtual put {reexecute=0 rethrow=0 return_oop=0}
                      ; - jdk.internal.perf.PerfCounter::add@13 (line 99)
                      ; - jdk.internal.perf.PerfCounter::addElapsedTimeFrom@6 (line 120)
                      ; - java.net.URLClassLoader::defineClass@207 (line 523)
  0x00000233ee44a298: e4cc b8ff | 488d 8424 | 6001 0000 | 4c8b 004d | 85c0 0f84 | 0f00 0000 | 488b 5008 | f04c 0fb1 
  0x00000233ee44a2b8: 020f 85b9 | 0300 0048 | 8b84 2440 | 0100 008b | 700c 4c8b | 8424 4801 | 0000 488b | 9424 d800 
  0x00000233ee44a2d8: 0000 89b4 | 24ec 0000 | 0066 0f1f 

  0x00000233ee44a2e4: ;   {optimized virtual_call}
  0x00000233ee44a2e4: 4400 00e8 

  0x00000233ee44a2e8: ; ImmutableOopMap {[216]=Oop [200]=Oop [328]=Oop [320]=Oop }
                      ;*invokevirtual getProtectionDomain {reexecute=0 rethrow=0 return_oop=0}
                      ; - java.security.SecureClassLoader::defineClass@9 (line 150)
                      ; - java.net.URLClassLoader::defineClass@220 (line 524)
  0x00000233ee44a2e8: f4e2 c1ff | 4c8b 8424 | c800 0000 | 4c8b 8c24 | 4001 0000 | bf00 0000 | 008b b424 | ec00 0000 
  0x00000233ee44a308: 488b c848 | 8b94 24d8 | 0000 000f 

  0x00000233ee44a314: ;   {optimized virtual_call}
  0x00000233ee44a314: 1f40 00e8 

  0x00000233ee44a318: ; ImmutableOopMap {[216]=Oop [200]=Oop [328]=Oop [320]=Oop }
                      ;*invokevirtual defineClass {reexecute=0 rethrow=0 return_oop=0}
                      ; - java.security.SecureClassLoader::defineClass@12 (line 150)
                      ; - java.net.URLClassLoader::defineClass@220 (line 524)
  0x00000233ee44a318: e4f4 c1ff | 4881 c490 | 0100 005d 

  0x00000233ee44a324: ;   {poll_return}
  0x00000233ee44a324: 493b a748 | 0300 000f | 8762 0300 | 00c3 8b50 | 1444 8b48 | 0c41 b800 

  0x00000233ee44a33c: ;   {static_call}
  0x00000233ee44a33c: 0000 00e8 

  0x00000233ee44a340: ; ImmutableOopMap {[272]=Oop }
                      ;*invokestatic newString {reexecute=0 rethrow=0 return_oop=0}
                      ; - java.lang.StringBuilder::toString@31 (line 454)
                      ; - java.net.URLClassLoader::defineClass@124 (line 504)
  0x00000233ee44a340: 3c73 a1ff | 488b f048 | 8b84 2410 | 0100 004c | 8bc6 488b 

  0x00000233ee44a354: ;   {optimized virtual_call}
  0x00000233ee44a354: d066 90e8 

  0x00000233ee44a358: ; ImmutableOopMap {[272]=Oop }
                      ;*invokespecial <init> {reexecute=0 rethrow=0 return_oop=0}
                      ; - java.net.URLClassLoader::defineClass@127 (line 504)
  0x00000233ee44a358: 246d a1ff | 488b 8424 | 1001 0000 | e921 0400 | 0048 8bbc | 2458 0100 | 0048 8bb4 | 2440 0100 
  0x00000233ee44a378: 0049 8b87 | d803 0000 | 4d33 d24d | 8997 d803 | 0000 4d33 | d24d 8997 | e003 0000 

  0x00000233ee44a394: ;   {oop(a 'jdk/internal/perf/PerfCounter'{0x00000000eb0d66c0})}
  0x00000233ee44a394: 488b d048 | b8c0 660d | eb00 0000 | 0048 8d84 | 2470 0100 | 0048 8b08 | 4885 c90f | 840f 0000 
  0x00000233ee44a3b4: 004c 8b40 | 08f0 490f | b108 0f85 | e502 0000 

  0x00000233ee44a3c4: ; ImmutableOopMap {rbx=Oop [216]=Oop [200]=Oop rsi=Oop [320]=Oop [360]=Oop rax=Oop }
                      ;*invokevirtual get {reexecute=0 rethrow=0 return_oop=0}
                      ; - jdk.internal.perf.PerfCounter::add@1 (line 98)
                      ; - jdk.internal.perf.PerfCounter::addElapsedTimeFrom@6 (line 120)
                      ; - java.net.URLClassLoader::defineClass@207 (line 523)
                      ;   {section_word}
  0x00000233ee44a3c4: 488b c248 | bac7 a344 | ee33 0200 

  0x00000233ee44a3d0: ;   {runtime_call handle_exception_nofpu Runtime1 stub}
  0x00000233ee44a3d0: 00e8 2a8d | abff 9049 | 8b87 d803 | 0000 4d33 | d24d 8997 | d803 0000 | 4d33 d24d | 8997 e003 
  0x00000233ee44a3f0: 0000 488b 

  0x00000233ee44a3f4: ;   {oop(a 'jdk/internal/perf/PerfCounter'{0x00000000eb0d66c0})}
  0x00000233ee44a3f4: d048 b8c0 | 660d eb00 | 0000 0048 | 8d84 2460 | 0100 0048 | 8b30 4885 | f60f 840f | 0000 0048 
  0x00000233ee44a414: 8b78 08f0 | 480f b137 | 0f85 9d02 | 0000 488b | c2e9 6003 | 0000 488b | b424 3801 | 0000 4c8b 
  0x00000233ee44a434: 8424 c800 | 0000 498b | 87d8 0300 | 004d 33d2 | 4d89 97d8 | 0300 004d | 33d2 4d89 | 97e0 0300 
  0x00000233ee44a454: 0048 8bd0 

  0x00000233ee44a458: ;   {oop(a 'jdk/internal/perf/PerfCounter'{0x00000000eb0d66c0})}
  0x00000233ee44a458: 48b8 c066 | 0deb 0000 | 0000 488d | 8424 7001 | 0000 4c8b | 084d 85c9 | 0f84 0f00 | 0000 4c8b 
  0x00000233ee44a478: 5808 f04d | 0fb1 0b0f | 8550 0200 

  0x00000233ee44a484: ; ImmutableOopMap {rdi=Oop rcx=Oop rbx=Oop r8=Oop [200]=Oop [360]=Oop rax=Oop }
                      ;*invokevirtual get {reexecute=0 rethrow=0 return_oop=0}
                      ; - jdk.internal.perf.PerfCounter::add@1 (line 98)
                      ; - jdk.internal.perf.PerfCounter::addElapsedTimeFrom@6 (line 120)
                      ; - java.net.URLClassLoader::defineClass@165 (line 516)
  0x00000233ee44a484: 0048 8bc2 

  0x00000233ee44a488: ;   {section_word}
  0x00000233ee44a488: 48ba 88a4 | 44ee 3302 

  0x00000233ee44a490: ;   {runtime_call handle_exception_nofpu Runtime1 stub}
  0x00000233ee44a490: 0000 e869 | 8cab ff90 | 498b 87d8 | 0300 004d | 33d2 4d89 | 97d8 0300 | 004d 33d2 | 4d89 97e0 
  0x00000233ee44a4b0: 0300 0048 

  0x00000233ee44a4b4: ;   {oop(a 'jdk/internal/perf/PerfCounter'{0x00000000eb0d66c0})}
  0x00000233ee44a4b4: 8bf0 48b8 | c066 0deb | 0000 0000 | 488d 8424 | 6001 0000 | 488b 3848 | 85ff 0f84 | 0f00 0000 
  0x00000233ee44a4d4: 488b 5808 | f048 0fb1 | 3b0f 8508 | 0200 0048 | 8bc6 e99f | 0200 0049 | 8b87 d803 | 0000 4d33 
  0x00000233ee44a4f4: d24d 8997 | d803 0000 | 4d33 d24d | 8997 e003 | 0000 488b | f048 8d84 | 2460 0100 | 0048 8b38 
  0x00000233ee44a514: 4885 ff0f | 840f 0000 | 0048 8b58 | 08f0 480f | b13b 0f85 | d501 0000 | 488b c6e9 | 5602 0000 
  0x00000233ee44a534: ;   {runtime_call throw_null_pointer_exception Runtime1 stub}
  0x00000233ee44a534: e8e7 70ab 

  0x00000233ee44a538: ; ImmutableOopMap {[216]=Oop [208]=Oop r8=Oop [200]=Oop }
                      ;*invokevirtual lastIndexOf {reexecute=0 rethrow=0 return_oop=0}
                      ; - java.net.URLClassLoader::defineClass@7 (line 486)
                      ;   {runtime_call throw_null_pointer_exception Runtime1 stub}
  0x00000233ee44a538: ffe8 e270 

  0x00000233ee44a53c: ; ImmutableOopMap {[216]=Oop [208]=Oop r8=Oop [200]=Oop rsi=Oop }
                      ;*arraylength {reexecute=0 rethrow=0 return_oop=0}
                      ; - java.lang.String::length@4 (line 1481)
                      ; - java.lang.String::lastIndexOf@3 (line 2451)
                      ; - java.net.URLClassLoader::defineClass@7 (line 486)
  0x00000233ee44a53c: abff 4c89 | 4c24 0848 

  0x00000233ee44a544: ;   {runtime_call monitorenter_nofpu Runtime1 stub}
  0x00000233ee44a544: 8914 24e8 

  0x00000233ee44a548: ; ImmutableOopMap {[216]=Oop [200]=Oop [240]=Oop r9=Oop [208]=Oop [360]=Oop }
                      ;*synchronization entry
                      ; - jdk.internal.loader.Resource::cachedInputStream@-1 (line 76)
                      ; - jdk.internal.loader.Resource::getByteBuffer@1 (line 163)
                      ; - java.net.URLClassLoader::defineClass@132 (line 511)
  0x00000233ee44a548: b4a3 abff | e951 f6ff | ff48 8d84 | 2460 0100 | 0048 8904 

  0x00000233ee44a55c: ;   {runtime_call monitorexit_nofpu Runtime1 stub}
  0x00000233ee44a55c: 24e8 9ea9 | abff e9a8 | f6ff ff48 

  0x00000233ee44a568: ;   {runtime_call throw_class_cast_exception Runtime1 stub}
  0x00000233ee44a568: 8914 24e8 

  0x00000233ee44a56c: ; ImmutableOopMap {[216]=Oop [200]=Oop [240]=Oop [208]=Oop }
                      ;*checkcast {reexecute=0 rethrow=0 return_oop=0}
                      ; - jdk.internal.loader.Resource::getByteBuffer@13 (line 165)
                      ; - java.net.URLClassLoader::defineClass@132 (line 511)
  0x00000233ee44a56c: b097 abff 

  0x00000233ee44a570: ;   {runtime_call throw_null_pointer_exception Runtime1 stub}
  0x00000233ee44a570: e8ab 70ab 

  0x00000233ee44a574: ; ImmutableOopMap {[248]=Oop }
                      ;*new {reexecute=0 rethrow=0 return_oop=0}
                      ; - java.net.URLClassLoader::defineClass@103 (line 504)
  0x00000233ee44a574: ff48 8bd2 

  0x00000233ee44a578: ;   {runtime_call fast_new_instance_init_check Runtime1 stub}
  0x00000233ee44a578: e883 7fab 

  0x00000233ee44a57c: ; ImmutableOopMap {[248]=Oop }
                      ;*new {reexecute=0 rethrow=0 return_oop=0}
                      ; - java.net.URLClassLoader::defineClass@103 (line 504)
  0x00000233ee44a57c: ffe9 d5f7 | ffff 488b 

  0x00000233ee44a584: ;   {runtime_call fast_new_instance Runtime1 stub}
  0x00000233ee44a584: d2e8 767c 

  0x00000233ee44a588: ; ImmutableOopMap {[248]=Oop [272]=Oop }
                      ;*new {reexecute=0 rethrow=0 return_oop=0}
                      ; - java.net.URLClassLoader::defineClass@107 (line 504)
  0x00000233ee44a588: abff e920 | f8ff ff48 

  0x00000233ee44a590: ;   {runtime_call fast_new_instance Runtime1 stub}
  0x00000233ee44a590: 8bd2 e869 

  0x00000233ee44a594: ; ImmutableOopMap {[272]=Oop r8=Oop }
                      ;*new {reexecute=0 rethrow=0 return_oop=0}
                      ; - java.lang.StringLatin1::newString@7 (line 769)
                      ; - java.lang.StringBuilder::toString@16 (line 453)
                      ; - java.net.URLClassLoader::defineClass@124 (line 504)
  0x00000233ee44a594: 7cab ffe9 | fcf8 ffff 

  0x00000233ee44a59c: ;   {runtime_call fast_new_instance Runtime1 stub}
  0x00000233ee44a59c: 488b d2e8 

  0x00000233ee44a5a0: ; ImmutableOopMap {[216]=Oop [200]=Oop [240]=Oop [288]=Oop r9=Oop }
                      ;*new {reexecute=0 rethrow=0 return_oop=0}
                      ; - java.net.URLClassLoader::defineClass@148 (line 515)
  0x00000233ee44a5a0: 5c7c abff | e9b6 f9ff 

  0x00000233ee44a5a8: ;   {runtime_call throw_null_pointer_exception Runtime1 stub}
  0x00000233ee44a5a8: ffe8 7270 

  0x00000233ee44a5ac: ; ImmutableOopMap {[216]=Oop [200]=Oop [288]=Oop [296]=Oop rsi=Oop }
                      ;*synchronization entry
                      ; - jdk.internal.perf.PerfCounter::add@-1 (line 98)
                      ; - jdk.internal.perf.PerfCounter::addElapsedTimeFrom@6 (line 120)
                      ; - java.net.URLClassLoader::defineClass@165 (line 516)
  0x00000233ee44a5ac: abff 4889 | 7424 084c 

  0x00000233ee44a5b4: ;   {runtime_call monitorenter_nofpu Runtime1 stub}
  0x00000233ee44a5b4: 8904 24e8 

  0x00000233ee44a5b8: ; ImmutableOopMap {[216]=Oop [200]=Oop [288]=Oop [296]=Oop rsi=Oop [360]=Oop }
                      ;*synchronization entry
                      ; - jdk.internal.perf.PerfCounter::add@-1 (line 98)
                      ; - jdk.internal.perf.PerfCounter::addElapsedTimeFrom@6 (line 120)
                      ; - java.net.URLClassLoader::defineClass@165 (line 516)
  0x00000233ee44a5b8: 44a3 abff | e919 faff | ff48 8974 | 2408 4c89 

  0x00000233ee44a5c8: ;   {runtime_call monitorenter_nofpu Runtime1 stub}
  0x00000233ee44a5c8: 0424 e831 

  0x00000233ee44a5cc: ; ImmutableOopMap {[216]=Oop [200]=Oop [288]=Oop [296]=Oop rsi=Oop [360]=Oop [376]=Oop }
                      ;*synchronization entry
                      ; - jdk.internal.perf.PerfCounter::get@-1 (line 84)
                      ; - jdk.internal.perf.PerfCounter::add@1 (line 98)
                      ; - jdk.internal.perf.PerfCounter::addElapsedTimeFrom@6 (line 120)
                      ; - java.net.URLClassLoader::defineClass@165 (line 516)
  0x00000233ee44a5cc: a3ab ffe9 | 3afa ffff 

  0x00000233ee44a5d4: ;   {runtime_call throw_null_pointer_exception Runtime1 stub}
  0x00000233ee44a5d4: e847 70ab 

  0x00000233ee44a5d8: ; ImmutableOopMap {[216]=Oop [200]=Oop [288]=Oop [296]=Oop rsi=Oop rdx=Oop [360]=Oop [376]=Oop }
                      ;*invokevirtual get {reexecute=0 rethrow=0 return_oop=0}
                      ; - jdk.internal.perf.PerfCounter::get@5 (line 84)
                      ; - jdk.internal.perf.PerfCounter::add@1 (line 98)
                      ; - jdk.internal.perf.PerfCounter::addElapsedTimeFrom@6 (line 120)
                      ; - java.net.URLClassLoader::defineClass@165 (line 516)
  0x00000233ee44a5d8: ff48 8d84 | 2470 0100 | 0048 8904 

  0x00000233ee44a5e4: ;   {runtime_call monitorexit_nofpu Runtime1 stub}
  0x00000233ee44a5e4: 24e8 16a9 | abff e963 

  0x00000233ee44a5ec: ;   {runtime_call throw_null_pointer_exception Runtime1 stub}
  0x00000233ee44a5ec: faff ffe8 

  0x00000233ee44a5f0: ; ImmutableOopMap {[216]=Oop [200]=Oop [288]=Oop [296]=Oop rdx=Oop [360]=Oop }
                      ;*invokevirtual put {reexecute=0 rethrow=0 return_oop=0}
                      ; - jdk.internal.perf.PerfCounter::add@13 (line 99)
                      ; - jdk.internal.perf.PerfCounter::addElapsedTimeFrom@6 (line 120)
                      ; - java.net.URLClassLoader::defineClass@165 (line 516)
  0x00000233ee44a5f0: 2c70 abff | 488d 8424 | 6001 0000 | 4889 0424 

  0x00000233ee44a600: ;   {runtime_call monitorexit_nofpu Runtime1 stub}
  0x00000233ee44a600: e8fb a8ab | ffe9 95fa 

  0x00000233ee44a608: ;   {internal_word}
  0x00000233ee44a608: ffff 49ba | dca0 44ee | 3302 0000 | 4d89 9760 

  0x00000233ee44a618: ;   {runtime_call SafepointBlob}
  0x00000233ee44a618: 0300 00e9 | e0d0 a1ff 

  0x00000233ee44a620: ;   {runtime_call fast_new_instance Runtime1 stub}
  0x00000233ee44a620: 488b d2e8 

  0x00000233ee44a624: ; ImmutableOopMap {[216]=Oop [200]=Oop [240]=Oop [320]=Oop r9=Oop }
                      ;*new {reexecute=0 rethrow=0 return_oop=0}
                      ; - java.net.URLClassLoader::defineClass@190 (line 522)
  0x00000233ee44a624: d87b abff | e952 fbff 

  0x00000233ee44a62c: ;   {runtime_call throw_null_pointer_exception Runtime1 stub}
  0x00000233ee44a62c: ffe8 ee6f 

  0x00000233ee44a630: ; ImmutableOopMap {[216]=Oop [200]=Oop [320]=Oop [328]=Oop rsi=Oop }
                      ;*synchronization entry
                      ; - jdk.internal.perf.PerfCounter::add@-1 (line 98)
                      ; - jdk.internal.perf.PerfCounter::addElapsedTimeFrom@6 (line 120)
                      ; - java.net.URLClassLoader::defineClass@207 (line 523)
  0x00000233ee44a630: abff 4889 | 7424 084c 

  0x00000233ee44a638: ;   {runtime_call monitorenter_nofpu Runtime1 stub}
  0x00000233ee44a638: 8904 24e8 

  0x00000233ee44a63c: ; ImmutableOopMap {[216]=Oop [200]=Oop [320]=Oop [328]=Oop rsi=Oop [360]=Oop }
                      ;*synchronization entry
                      ; - jdk.internal.perf.PerfCounter::add@-1 (line 98)
                      ; - jdk.internal.perf.PerfCounter::addElapsedTimeFrom@6 (line 120)
                      ; - java.net.URLClassLoader::defineClass@207 (line 523)
  0x00000233ee44a63c: c0a2 abff | e9b5 fbff | ff48 8974 | 2408 4c89 

  0x00000233ee44a64c: ;   {runtime_call monitorenter_nofpu Runtime1 stub}
  0x00000233ee44a64c: 0424 e8ad 

  0x00000233ee44a650: ; ImmutableOopMap {[216]=Oop [200]=Oop [320]=Oop [328]=Oop rsi=Oop [360]=Oop [376]=Oop }
                      ;*synchronization entry
                      ; - jdk.internal.perf.PerfCounter::get@-1 (line 84)
                      ; - jdk.internal.perf.PerfCounter::add@1 (line 98)
                      ; - jdk.internal.perf.PerfCounter::addElapsedTimeFrom@6 (line 120)
                      ; - java.net.URLClassLoader::defineClass@207 (line 523)
  0x00000233ee44a650: a2ab ffe9 | d6fb ffff 

  0x00000233ee44a658: ;   {runtime_call throw_null_pointer_exception Runtime1 stub}
  0x00000233ee44a658: e8c3 6fab 

  0x00000233ee44a65c: ; ImmutableOopMap {[216]=Oop [200]=Oop [320]=Oop [328]=Oop rsi=Oop rdx=Oop [360]=Oop [376]=Oop }
                      ;*invokevirtual get {reexecute=0 rethrow=0 return_oop=0}
                      ; - jdk.internal.perf.PerfCounter::get@5 (line 84)
                      ; - jdk.internal.perf.PerfCounter::add@1 (line 98)
                      ; - jdk.internal.perf.PerfCounter::addElapsedTimeFrom@6 (line 120)
                      ; - java.net.URLClassLoader::defineClass@207 (line 523)
  0x00000233ee44a65c: ff48 8d84 | 2470 0100 | 0048 8904 

  0x00000233ee44a668: ;   {runtime_call monitorexit_nofpu Runtime1 stub}
  0x00000233ee44a668: 24e8 92a8 | abff e9ff 

  0x00000233ee44a670: ;   {runtime_call throw_null_pointer_exception Runtime1 stub}
  0x00000233ee44a670: fbff ffe8 

  0x00000233ee44a674: ; ImmutableOopMap {[216]=Oop [200]=Oop [320]=Oop [328]=Oop rdx=Oop [360]=Oop }
                      ;*invokevirtual put {reexecute=0 rethrow=0 return_oop=0}
                      ; - jdk.internal.perf.PerfCounter::add@13 (line 99)
                      ; - jdk.internal.perf.PerfCounter::addElapsedTimeFrom@6 (line 120)
                      ; - java.net.URLClassLoader::defineClass@207 (line 523)
  0x00000233ee44a674: a86f abff | 488d 8424 | 6001 0000 | 4889 0424 

  0x00000233ee44a684: ;   {runtime_call monitorexit_nofpu Runtime1 stub}
  0x00000233ee44a684: e877 a8ab | ffe9 31fc 

  0x00000233ee44a68c: ;   {runtime_call throw_null_pointer_exception Runtime1 stub}
  0x00000233ee44a68c: ffff e88d 

  0x00000233ee44a690: ; ImmutableOopMap {[216]=Oop [200]=Oop [328]=Oop rax=Oop [320]=Oop }
                      ;*arraylength {reexecute=0 rethrow=0 return_oop=0}
                      ; - java.net.URLClassLoader::defineClass@217 (line 524)
                      ;   {internal_word}
  0x00000233ee44a690: 6fab ff49 | ba24 a344 | ee33 0200 | 004d 8997 | 6003 0000 

  0x00000233ee44a6a4: ;   {runtime_call SafepointBlob}
  0x00000233ee44a6a4: e957 d0a1 | ff48 8d84 | 2470 0100 | 0048 8904 

  0x00000233ee44a6b4: ;   {runtime_call monitorexit_nofpu Runtime1 stub}
  0x00000233ee44a6b4: 24e8 46a8 | abff e905 | fdff ff48 | 8d84 2460 | 0100 0048 

  0x00000233ee44a6c8: ;   {runtime_call monitorexit_nofpu Runtime1 stub}
  0x00000233ee44a6c8: 8904 24e8 | 30a8 abff | e94d fdff | ff48 8d84 | 2470 0100 | 0048 8904 

  0x00000233ee44a6e0: ;   {runtime_call monitorexit_nofpu Runtime1 stub}
  0x00000233ee44a6e0: 24e8 1aa8 | abff e99a | fdff ff48 | 8d84 2460 | 0100 0048 

  0x00000233ee44a6f4: ;   {runtime_call monitorexit_nofpu Runtime1 stub}
  0x00000233ee44a6f4: 8904 24e8 | 04a8 abff | e9e2 fdff | ff48 8d84 | 2460 0100 | 0048 8904 

  0x00000233ee44a70c: ;   {runtime_call monitorexit_nofpu Runtime1 stub}
  0x00000233ee44a70c: 24e8 eea7 | abff e915 | feff ff48 | 8bbc 2428 | 0100 0048 | 8b9c 2420 | 0100 0048 | 8b8c 24d8 
  0x00000233ee44a72c: 0000 00e9 | f6fc ffff | 488b 9c24 | 4801 0000 | e928 fcff | ff48 8bbc | 2428 0100 | 0048 8b9c 
  0x00000233ee44a74c: 2420 0100 | 0048 8b8c | 24d8 0000 | 00e9 ccfc | ffff 488b | 9c24 4801 | 0000 e9fe | fbff ff90 
  0x00000233ee44a76c: 9049 8b87 | d803 0000 | 49c7 87d8 | 0300 0000 | 0000 0049 | c787 e003 | 0000 0000 | 0000 4881 
  0x00000233ee44a78c: c490 0100 

  0x00000233ee44a790: ;   {runtime_call unwind_exception Runtime1 stub}
  0x00000233ee44a790: 005d e969 | 5cab fff4 | f4f4 f4f4 | f4f4 f4f4 
[Stub Code]
  0x00000233ee44a7a0: ;   {no_reloc}
  0x00000233ee44a7a0: 0f1f 4400 

  0x00000233ee44a7a4: ;   {static_stub}
  0x00000233ee44a7a4: 0048 bb00 | 0000 0000 

  0x00000233ee44a7ac: ;   {runtime_call}
  0x00000233ee44a7ac: 0000 00e9 | fbff ffff 

  0x00000233ee44a7b4: ;   {static_stub}
  0x00000233ee44a7b4: 9048 bb00 | 0000 0000 

  0x00000233ee44a7bc: ;   {runtime_call}
  0x00000233ee44a7bc: 0000 00e9 | fbff ffff 

  0x00000233ee44a7c4: ;   {static_stub}
  0x00000233ee44a7c4: 9048 bb00 | 0000 0000 

  0x00000233ee44a7cc: ;   {runtime_call}
  0x00000233ee44a7cc: 0000 00e9 | fbff ffff 

  0x00000233ee44a7d4: ;   {static_stub}
  0x00000233ee44a7d4: 9048 bb00 | 0000 0000 

  0x00000233ee44a7dc: ;   {runtime_call}
  0x00000233ee44a7dc: 0000 00e9 | fbff ffff 

  0x00000233ee44a7e4: ;   {static_stub}
  0x00000233ee44a7e4: 9048 bb00 | 0000 0000 

  0x00000233ee44a7ec: ;   {runtime_call}
  0x00000233ee44a7ec: 0000 00e9 | fbff ffff 

  0x00000233ee44a7f4: ;   {static_stub}
  0x00000233ee44a7f4: 9048 bb00 | 0000 0000 

  0x00000233ee44a7fc: ;   {runtime_call}
  0x00000233ee44a7fc: 0000 00e9 | fbff ffff 

  0x00000233ee44a804: ;   {static_stub}
  0x00000233ee44a804: 9048 bb00 | 0000 0000 

  0x00000233ee44a80c: ;   {runtime_call}
  0x00000233ee44a80c: 0000 00e9 | fbff ffff 

  0x00000233ee44a814: ;   {static_stub}
  0x00000233ee44a814: 9048 bb00 | 0000 0000 

  0x00000233ee44a81c: ;   {runtime_call}
  0x00000233ee44a81c: 0000 00e9 | fbff ffff 

  0x00000233ee44a824: ;   {static_stub}
  0x00000233ee44a824: 9048 bb00 | 0000 0000 

  0x00000233ee44a82c: ;   {runtime_call}
  0x00000233ee44a82c: 0000 00e9 | fbff ffff 

  0x00000233ee44a834: ;   {static_stub}
  0x00000233ee44a834: 9048 bb00 | 0000 0000 

  0x00000233ee44a83c: ;   {runtime_call}
  0x00000233ee44a83c: 0000 00e9 | fbff ffff 

  0x00000233ee44a844: ;   {static_stub}
  0x00000233ee44a844: 9048 bb00 | 0000 0000 

  0x00000233ee44a84c: ;   {runtime_call}
  0x00000233ee44a84c: 0000 00e9 | fbff ffff 

  0x00000233ee44a854: ;   {static_stub}
  0x00000233ee44a854: 9048 bb00 | 0000 0000 

  0x00000233ee44a85c: ;   {runtime_call}
  0x00000233ee44a85c: 0000 00e9 | fbff ffff 

  0x00000233ee44a864: ;   {static_stub}
  0x00000233ee44a864: 9048 bb00 | 0000 0000 

  0x00000233ee44a86c: ;   {runtime_call}
  0x00000233ee44a86c: 0000 00e9 | fbff ffff 

  0x00000233ee44a874: ;   {static_stub}
  0x00000233ee44a874: 9048 bb00 | 0000 0000 

  0x00000233ee44a87c: ;   {runtime_call}
  0x00000233ee44a87c: 0000 00e9 | fbff ffff 

  0x00000233ee44a884: ;   {static_stub}
  0x00000233ee44a884: 9048 bb00 | 0000 0000 

  0x00000233ee44a88c: ;   {runtime_call}
  0x00000233ee44a88c: 0000 00e9 | fbff ffff 

  0x00000233ee44a894: ;   {static_stub}
  0x00000233ee44a894: 9048 bb00 | 0000 0000 

  0x00000233ee44a89c: ;   {runtime_call}
  0x00000233ee44a89c: 0000 00e9 | fbff ffff 

  0x00000233ee44a8a4: ;   {static_stub}
  0x00000233ee44a8a4: 9048 bb00 | 0000 0000 

  0x00000233ee44a8ac: ;   {runtime_call}
  0x00000233ee44a8ac: 0000 00e9 | fbff ffff 

  0x00000233ee44a8b4: ;   {static_stub}
  0x00000233ee44a8b4: 9048 bb00 | 0000 0000 

  0x00000233ee44a8bc: ;   {runtime_call}
  0x00000233ee44a8bc: 0000 00e9 | fbff ffff 

  0x00000233ee44a8c4: ;   {static_stub}
  0x00000233ee44a8c4: 9048 bb00 | 0000 0000 

  0x00000233ee44a8cc: ;   {runtime_call}
  0x00000233ee44a8cc: 0000 00e9 | fbff ffff 

  0x00000233ee44a8d4: ;   {static_stub}
  0x00000233ee44a8d4: 9048 bb00 | 0000 0000 

  0x00000233ee44a8dc: ;   {runtime_call}
  0x00000233ee44a8dc: 0000 00e9 | fbff ffff 

  0x00000233ee44a8e4: ;   {static_stub}
  0x00000233ee44a8e4: 9048 bb00 | 0000 0000 

  0x00000233ee44a8ec: ;   {runtime_call}
  0x00000233ee44a8ec: 0000 00e9 | fbff ffff 

  0x00000233ee44a8f4: ;   {static_stub}
  0x00000233ee44a8f4: 9048 bb00 | 0000 0000 

  0x00000233ee44a8fc: ;   {runtime_call}
  0x00000233ee44a8fc: 0000 00e9 | fbff ffff 

  0x00000233ee44a904: ;   {static_stub}
  0x00000233ee44a904: 9048 bb00 | 0000 0000 

  0x00000233ee44a90c: ;   {runtime_call}
  0x00000233ee44a90c: 0000 00e9 | fbff ffff 

  0x00000233ee44a914: ;   {static_stub}
  0x00000233ee44a914: 9048 bb00 | 0000 0000 

  0x00000233ee44a91c: ;   {runtime_call}
  0x00000233ee44a91c: 0000 00e9 | fbff ffff 

  0x00000233ee44a924: ;   {static_stub}
  0x00000233ee44a924: 9048 bb00 | 0000 0000 

  0x00000233ee44a92c: ;   {runtime_call}
  0x00000233ee44a92c: 0000 00e9 | fbff ffff 

  0x00000233ee44a934: ;   {static_stub}
  0x00000233ee44a934: 9048 bb00 | 0000 0000 

  0x00000233ee44a93c: ;   {runtime_call}
  0x00000233ee44a93c: 0000 00e9 | fbff ffff 

  0x00000233ee44a944: ;   {static_stub}
  0x00000233ee44a944: 9048 bb00 | 0000 0000 

  0x00000233ee44a94c: ;   {runtime_call}
  0x00000233ee44a94c: 0000 00e9 | fbff ffff 

  0x00000233ee44a954: ;   {static_stub}
  0x00000233ee44a954: 9048 bb00 | 0000 0000 

  0x00000233ee44a95c: ;   {runtime_call}
  0x00000233ee44a95c: 0000 00e9 | fbff ffff 

  0x00000233ee44a964: ;   {static_stub}
  0x00000233ee44a964: 9048 bb00 | 0000 0000 

  0x00000233ee44a96c: ;   {runtime_call}
  0x00000233ee44a96c: 0000 00e9 | fbff ffff 

  0x00000233ee44a974: ;   {static_stub}
  0x00000233ee44a974: 9048 bb00 | 0000 0000 

  0x00000233ee44a97c: ;   {runtime_call}
  0x00000233ee44a97c: 0000 00e9 | fbff ffff 
[Exception Handler]
  0x00000233ee44a984: ;   {runtime_call handle_exception_from_callee Runtime1 stub}
  0x00000233ee44a984: e877 8dab 

  0x00000233ee44a988: ;   {external_word}
  0x00000233ee44a988: ff48 b900 | fa4f 02fc | 7f00 0048 

  0x00000233ee44a994: ;   {runtime_call}
  0x00000233ee44a994: 83e4 f049 | baf0 9718 | 02fc 7f00 | 0041 ffd2 

  0x00000233ee44a9a4: ;   {section_word}
  0x00000233ee44a9a4: f449 baa5 | a944 ee33 | 0200 0041 

  0x00000233ee44a9b0: ;   {runtime_call DeoptimizationBlob}
  0x00000233ee44a9b0: 52e9 eabf | a1ff f4f4 
[/MachCode]


---------------  P R O C E S S  ---------------

Threads class SMR info:
_java_thread_list=0x00000233ff26e560, length=33, elements={
0x00000233e4ace300, 0x00000233e4b46f00, 0x00000233e4b48960, 0x00000233e4b61270,
0x00000233e4b61c40, 0x00000233e4b64520, 0x00000233e4b64df0, 0x00000233e4b65770,
0x00000233e4b6a730, 0x00000233e4b31170, 0x00000233f13b44f0, 0x00000233f1f6e3b0,
0x00000233fde996f0, 0x00000233fde89040, 0x00000233fdf5e170, 0x00000233fe47c0a0,
0x00000233fe498400, 0x00000233fe4979e0, 0x00000233fe498910, 0x00000233fe496ab0,
0x00000233fe496fc0, 0x00000233fe499840, 0x00000233fe4974d0, 0x00000233fe497ef0,
0x00000233fe49a260, 0x00000233fe499d50, 0x00000233fe498e20, 0x00000233fe499330,
0x00000233febf4ed0, 0x00000233febf3580, 0x00000233febf58f0, 0x00000233febf3a90,
0x00000233febf3fa0
}

Java Threads: ( => current thread )
  0x00000233e4ace300 JavaThread "main" [_thread_blocked, id=38476, stack(0x000000ff7fe00000,0x000000ff7ff00000)]
  0x00000233e4b46f00 JavaThread "Reference Handler" daemon [_thread_blocked, id=38720, stack(0x000000ff00000000,0x000000ff00100000)]
  0x00000233e4b48960 JavaThread "Finalizer" daemon [_thread_blocked, id=12076, stack(0x000000ff00100000,0x000000ff00200000)]
  0x00000233e4b61270 JavaThread "Signal Dispatcher" daemon [_thread_blocked, id=36924, stack(0x000000ff00200000,0x000000ff00300000)]
  0x00000233e4b61c40 JavaThread "Attach Listener" daemon [_thread_blocked, id=24372, stack(0x000000ff00300000,0x000000ff00400000)]
  0x00000233e4b64520 JavaThread "Service Thread" daemon [_thread_blocked, id=38376, stack(0x000000ff00400000,0x000000ff00500000)]
  0x00000233e4b64df0 JavaThread "Monitor Deflation Thread" daemon [_thread_blocked, id=39420, stack(0x000000ff00500000,0x000000ff00600000)]
  0x00000233e4b65770 JavaThread "C1 CompilerThread0" daemon [_thread_blocked, id=11988, stack(0x000000ff00600000,0x000000ff00700000)]
  0x00000233e4b6a730 JavaThread "Sweeper thread" daemon [_thread_blocked, id=28768, stack(0x000000ff00700000,0x000000ff00800000)]
  0x00000233e4b31170 JavaThread "Common-Cleaner" daemon [_thread_blocked, id=38744, stack(0x000000ff00800000,0x000000ff00900000)]
  0x00000233f13b44f0 JavaThread "Notification Thread" daemon [_thread_blocked, id=30984, stack(0x000000ff00900000,0x000000ff00a00000)]
  0x00000233f1f6e3b0 JavaThread "Daemon health stats" [_thread_blocked, id=34992, stack(0x000000ff00b00000,0x000000ff00c00000)]
  0x00000233fde996f0 JavaThread "Incoming local TCP Connector on port 58415" [_thread_in_native, id=22676, stack(0x000000ff00c00000,0x000000ff00d00000)]
  0x00000233fde89040 JavaThread "Daemon periodic checks" [_thread_blocked, id=38180, stack(0x000000ff00d00000,0x000000ff00e00000)]
  0x00000233fdf5e170 JavaThread "Daemon" [_thread_blocked, id=37332, stack(0x000000ff00e00000,0x000000ff00f00000)]
  0x00000233fe47c0a0 JavaThread "Handler for socket connection from /127.0.0.1:58415 to /127.0.0.1:58416" [_thread_in_native, id=33320, stack(0x000000ff00f00000,0x000000ff01000000)]
  0x00000233fe498400 JavaThread "Cancel handler" [_thread_blocked, id=37184, stack(0x000000ff01000000,0x000000ff01100000)]
=>0x00000233fe4979e0 JavaThread "Daemon worker" [_thread_in_vm, id=37028, stack(0x000000ff01100000,0x000000ff01200000)]
  0x00000233fe498910 JavaThread "Asynchronous log dispatcher for DefaultDaemonConnection: socket connection from /127.0.0.1:58415 to /127.0.0.1:58416" [_thread_blocked, id=38268, stack(0x000000ff01200000,0x000000ff01300000)]
  0x00000233fe496ab0 JavaThread "Stdin handler" [_thread_blocked, id=37924, stack(0x000000ff01300000,0x000000ff01400000)]
  0x00000233fe496fc0 JavaThread "Daemon client event forwarder" [_thread_blocked, id=18708, stack(0x000000ff01400000,0x000000ff01500000)]
  0x00000233fe499840 JavaThread "Cache worker for journal cache (C:\Users\jpten\.gradle\caches\journal-1)" [_thread_blocked, id=39768, stack(0x000000ff01500000,0x000000ff01600000)]
  0x00000233fe4974d0 JavaThread "File lock request listener" [_thread_in_native, id=39660, stack(0x000000ff01600000,0x000000ff01700000)]
  0x00000233fe497ef0 JavaThread "Cache worker for file hash cache (C:\Users\jpten\.gradle\caches\9.4.0\fileHashes)" [_thread_blocked, id=37544, stack(0x000000ff01700000,0x000000ff01800000)]
  0x00000233fe49a260 JavaThread "Cache worker for file hash cache (C:\Users\jpten\OneDrive\Documents\Mobile Game\RoguelitePixelDungeon\.gradle\9.4.0\fileHashes)" [_thread_blocked, id=34676, stack(0x000000ff01800000,0x000000ff01900000)]
  0x00000233fe499d50 JavaThread "Cache worker for Build Output Cleanup Cache (C:\Users\jpten\OneDrive\Documents\Mobile Game\RoguelitePixelDungeon\.gradle\buildOutputCleanup)" [_thread_blocked, id=36972, stack(0x000000ff01900000,0x000000ff01a00000)]
  0x00000233fe498e20 JavaThread "Cache worker for file content cache (C:\Users\jpten\.gradle\caches\9.4.0\fileContent)" [_thread_blocked, id=39116, stack(0x000000ff01a00000,0x000000ff01b00000)]
  0x00000233fe499330 JavaThread "Cache worker for checksums cache (C:\Users\jpten\OneDrive\Documents\Mobile Game\RoguelitePixelDungeon\.gradle\9.4.0\checksums)" [_thread_blocked, id=3320, stack(0x000000ff01b00000,0x000000ff01c00000)]
  0x00000233febf4ed0 JavaThread "Cache worker for cache directory md-supplier (C:\Users\jpten\.gradle\caches\9.4.0\md-supplier)" [_thread_blocked, id=16808, stack(0x000000ff01c00000,0x000000ff01d00000)]
  0x00000233febf3580 JavaThread "Cache worker for cache directory md-rule (C:\Users\jpten\.gradle\caches\9.4.0\md-rule)" [_thread_blocked, id=36360, stack(0x000000ff01d00000,0x000000ff01e00000)]
  0x00000233febf58f0 JavaThread "jar transforms" [_thread_blocked, id=35716, stack(0x000000ff01e00000,0x000000ff01f00000)]
  0x00000233febf3a90 JavaThread "Build operations" [_thread_blocked, id=25348, stack(0x000000ff01f00000,0x000000ff02000000)]
  0x00000233febf3fa0 JavaThread "Problems report writer" [_thread_blocked, id=30184, stack(0x000000ff02000000,0x000000ff02100000)]

Other Threads:
  0x00000233e4b40840 VMThread "VM Thread" [stack: 0x000000ff7ff00000,0x000000ff80000000] [id=39480] _threads_hazard_ptr=0x00000233ff26e560
  0x00000233f13b7550 WatcherThread [stack: 0x000000ff00a00000,0x000000ff00b00000] [id=33600]

Threads with active compile tasks:

VM state: synchronizing (normal execution)

VM Mutex/Monitor currently owned by a thread:  ([mutex/lock_event])
[0x00000233e4ab8a20] Metaspace_lock - owner thread: 0x00000233fe4979e0
[0x00000233e4aca4d0] Threads_lock - owner thread: 0x00000233e4b40840

Heap address: 0x00000000e0000000, size: 512 MB, Compressed Oops mode: 32-bit

CDS archive(s) mapped at: [0x00000233f2000000-0x00000233f2bb0000-0x00000233f2bb0000), size 12255232, SharedBaseAddress: 0x00000233f2000000, ArchiveRelocationMode: 1.
Compressed class space mapped at: 0x00000233f3000000-0x00000233fd000000, reserved size: 167772160
Narrow klass base: 0x00000233f2000000, Narrow klass shift: 0, Narrow klass range: 0x100000000

GC Precious Log:
 CPUs: 12 total, 1 available
 Memory: 7484M
 Large Page Support: Disabled
 NUMA Support: Disabled
 Compressed Oops: Enabled (32-bit)
 Heap Min Capacity: 8M
 Heap Initial Capacity: 118M
 Heap Max Capacity: 512M
 Pre-touch: Disabled

Heap:
 def new generation   total 36416K, used 13382K [0x00000000e0000000, 0x00000000e2780000, 0x00000000eaaa0000)
  eden space 32384K,  30% used [0x00000000e0000000, 0x00000000e09bf318, 0x00000000e1fa0000)
  from space 4032K,  84% used [0x00000000e2390000, 0x00000000e26e2818, 0x00000000e2780000)
  to   space 4032K,   0% used [0x00000000e1fa0000, 0x00000000e1fa0000, 0x00000000e2390000)
 tenured generation   total 80576K, used 49550K [0x00000000eaaa0000, 0x00000000ef950000, 0x0000000100000000)
   the space 80576K,  61% used [0x00000000eaaa0000, 0x00000000edb03bb8, 0x00000000edb03c00, 0x00000000ef950000)
 Metaspace       used 45664K, committed 46336K, reserved 229376K
  class space    used 6939K, committed 7232K, reserved 163840K

Card table byte_map: [0x00000233f0e70000,0x00000233f0f80000] _byte_map_base: 0x00000233f0770000

Polling page: 0x00000233e4a60000

Metaspace:

Usage:
  Non-class:     37.82 MB used.
      Class:      6.78 MB used.
       Both:     44.59 MB used.

Virtual space:
  Non-class space:       64.00 MB reserved,      38.19 MB ( 60%) committed,  1 nodes.
      Class space:      160.00 MB reserved,       7.06 MB (  4%) committed,  1 nodes.
             Both:      224.00 MB reserved,      45.25 MB ( 20%) committed. 

Chunk freelists:
   Non-Class:  9.55 MB
       Class:  8.98 MB
        Both:  18.52 MB

MaxMetaspaceSize: 192.00 MB
CompressedClassSpaceSize: 160.00 MB
Initial GC threshold: 21.00 MB
Current GC threshold: 58.38 MB
CDS: on
MetaspaceReclaimPolicy: balanced
 - commit_granule_bytes: 65536.
 - commit_granule_words: 8192.
 - virtual_space_node_default_size: 8388608.
 - enlarge_chunks_in_place: 1.
 - new_chunks_are_fully_committed: 0.
 - uncommit_free_chunks: 1.
 - use_allocation_guard: 0.
 - handle_deallocations: 1.


Internal statistics:

num_allocs_failed_limit: 6.
num_arena_births: 872.
num_arena_deaths: 0.
num_vsnodes_births: 2.
num_vsnodes_deaths: 0.
num_space_committed: 724.
num_space_uncommitted: 0.
num_chunks_returned_to_freelist: 6.
num_chunks_taken_from_freelist: 2858.
num_chunk_merges: 6.
num_chunk_splits: 1913.
num_chunks_enlarged: 1266.
num_inconsistent_stats: 0.

CodeCache: size=49152Kb used=11090Kb max_used=11090Kb free=38061Kb
 bounds [0x00000233ede10000, 0x00000233ee8f0000, 0x00000233f0e10000]
 total_blobs=7265 nmethods=6544 adapters=649
 compilation: enabled
              stopped_count=0, restarted_count=0
 full_count=0

Compilation events (20 events):
Event: 43.301 Thread 0x00000233e4b65770 6535       1       org.gradle.internal.instantiation.generator.AsmBackedClassGenerator$ClassBuilderImpl$14::<init> (144 bytes)
Event: 43.302 Thread 0x00000233e4b65770 nmethod 6535 0x00000233ee8e1410 code [0x00000233ee8e16a0, 0x00000233ee8e1d38]
Event: 43.302 Thread 0x00000233e4b65770 6536       1       org.gradle.model.internal.asm.BytecodeFragment$1::emit (1 bytes)
Event: 43.302 Thread 0x00000233e4b65770 nmethod 6536 0x00000233ee8e2290 code [0x00000233ee8e2420, 0x00000233ee8e24d8]
Event: 43.302 Thread 0x00000233e4b65770 6537       1       org.gradle.api.internal.collections.SortedSetElementSource::getLazyBehaviorGuard (5 bytes)
Event: 43.302 Thread 0x00000233e4b65770 nmethod 6537 0x00000233ee8e2590 code [0x00000233ee8e2720, 0x00000233ee8e27f8]
Event: 43.302 Thread 0x00000233e4b65770 6538       1       java.security.ProtectionDomain::<init> (98 bytes)
Event: 43.303 Thread 0x00000233e4b65770 nmethod 6538 0x00000233ee8e2890 code [0x00000233ee8e2a40, 0x00000233ee8e2de8]
Event: 43.303 Thread 0x00000233e4b65770 6539       1       java.lang.Class::arrayContentsEq (70 bytes)
Event: 43.303 Thread 0x00000233e4b65770 nmethod 6539 0x00000233ee8e2f90 code [0x00000233ee8e3140, 0x00000233ee8e3378]
Event: 43.303 Thread 0x00000233e4b65770 6540       1       org.gradle.internal.instantiation.generator.AsmBackedClassGenerator$ClassBuilderImpl::access$2700 (4 bytes)
Event: 43.303 Thread 0x00000233e4b65770 nmethod 6540 0x00000233ee8e3490 code [0x00000233ee8e3620, 0x00000233ee8e36d8]
Event: 43.712 Thread 0x00000233e4b65770 6541       1       org.gradle.internal.concurrent.AbstractManagedExecutor::access$000 (5 bytes)
Event: 43.712 Thread 0x00000233e4b65770 nmethod 6541 0x00000233ee8e3790 code [0x00000233ee8e3920, 0x00000233ee8e39d8]
Event: 43.712 Thread 0x00000233e4b65770 6542       1       javax.management.ObjectName::isPropertyListPattern (17 bytes)
Event: 43.713 Thread 0x00000233e4b65770 nmethod 6542 0x00000233ee8e3a90 code [0x00000233ee8e3c20, 0x00000233ee8e3cf8]
Event: 43.713 Thread 0x00000233e4b65770 6544       1       javax.management.ObjectName::addProperty (80 bytes)
Event: 43.713 Thread 0x00000233e4b65770 nmethod 6544 0x00000233ee8e3d90 code [0x00000233ee8e3f80, 0x00000233ee8e43c8]
Event: 43.713 Thread 0x00000233e4b65770 6543       1       javax.management.ObjectName::<init> (15 bytes)
Event: 43.713 Thread 0x00000233e4b65770 nmethod 6543 0x00000233ee8e4610 code [0x00000233ee8e47a0, 0x00000233ee8e4888]

GC Heap History (20 events):
Event: 7.917 GC heap before
{Heap before GC invocations=7 (full 1):
 def new generation   total 36352K, used 33537K [0x00000000e0000000, 0x00000000e2770000, 0x00000000eaaa0000)
  eden space 32320K, 100% used [0x00000000e0000000, 0x00000000e1f90000, 0x00000000e1f90000)
  from space 4032K,  30% used [0x00000000e2380000, 0x00000000e24b06d8, 0x00000000e2770000)
  to   space 4032K,   0% used [0x00000000e1f90000, 0x00000000e1f90000, 0x00000000e2380000)
 tenured generation   total 80576K, used 22387K [0x00000000eaaa0000, 0x00000000ef950000, 0x0000000100000000)
   the space 80576K,  27% used [0x00000000eaaa0000, 0x00000000ec07cc40, 0x00000000ec07ce00, 0x00000000ef950000)
 Metaspace       used 28927K, committed 29312K, reserved 229376K
  class space    used 4319K, committed 4480K, reserved 163840K
}
Event: 7.928 GC heap after
{Heap after GC invocations=8 (full 1):
 def new generation   total 36352K, used 2768K [0x00000000e0000000, 0x00000000e2770000, 0x00000000eaaa0000)
  eden space 32320K,   0% used [0x00000000e0000000, 0x00000000e0000000, 0x00000000e1f90000)
  from space 4032K,  68% used [0x00000000e1f90000, 0x00000000e2244388, 0x00000000e2380000)
  to   space 4032K,   0% used [0x00000000e2380000, 0x00000000e2380000, 0x00000000e2770000)
 tenured generation   total 80576K, used 22387K [0x00000000eaaa0000, 0x00000000ef950000, 0x0000000100000000)
   the space 80576K,  27% used [0x00000000eaaa0000, 0x00000000ec07cc40, 0x00000000ec07ce00, 0x00000000ef950000)
 Metaspace       used 28927K, committed 29312K, reserved 229376K
  class space    used 4319K, committed 4480K, reserved 163840K
}
Event: 8.959 GC heap before
{Heap before GC invocations=8 (full 1):
 def new generation   total 36352K, used 35088K [0x00000000e0000000, 0x00000000e2770000, 0x00000000eaaa0000)
  eden space 32320K, 100% used [0x00000000e0000000, 0x00000000e1f90000, 0x00000000e1f90000)
  from space 4032K,  68% used [0x00000000e1f90000, 0x00000000e2244388, 0x00000000e2380000)
  to   space 4032K,   0% used [0x00000000e2380000, 0x00000000e2380000, 0x00000000e2770000)
 tenured generation   total 80576K, used 22387K [0x00000000eaaa0000, 0x00000000ef950000, 0x0000000100000000)
   the space 80576K,  27% used [0x00000000eaaa0000, 0x00000000ec07cc40, 0x00000000ec07ce00, 0x00000000ef950000)
 Metaspace       used 32821K, committed 33408K, reserved 229376K
  class space    used 4935K, committed 5184K, reserved 163840K
}
Event: 8.986 GC heap after
{Heap after GC invocations=9 (full 1):
 def new generation   total 36352K, used 4032K [0x00000000e0000000, 0x00000000e2770000, 0x00000000eaaa0000)
  eden space 32320K,   0% used [0x00000000e0000000, 0x00000000e0000000, 0x00000000e1f90000)
  from space 4032K, 100% used [0x00000000e2380000, 0x00000000e2770000, 0x00000000e2770000)
  to   space 4032K,   0% used [0x00000000e1f90000, 0x00000000e1f90000, 0x00000000e2380000)
 tenured generation   total 80576K, used 24379K [0x00000000eaaa0000, 0x00000000ef950000, 0x0000000100000000)
   the space 80576K,  30% used [0x00000000eaaa0000, 0x00000000ec26ec28, 0x00000000ec26ee00, 0x00000000ef950000)
 Metaspace       used 32821K, committed 33408K, reserved 229376K
  class space    used 4935K, committed 5184K, reserved 163840K
}
Event: 9.674 GC heap before
{Heap before GC invocations=9 (full 1):
 def new generation   total 36352K, used 30281K [0x00000000e0000000, 0x00000000e2770000, 0x00000000eaaa0000)
  eden space 32320K,  81% used [0x00000000e0000000, 0x00000000e19a25d8, 0x00000000e1f90000)
  from space 4032K, 100% used [0x00000000e2380000, 0x00000000e2770000, 0x00000000e2770000)
  to   space 4032K,   0% used [0x00000000e1f90000, 0x00000000e1f90000, 0x00000000e2380000)
 tenured generation   total 80576K, used 24379K [0x00000000eaaa0000, 0x00000000ef950000, 0x0000000100000000)
   the space 80576K,  30% used [0x00000000eaaa0000, 0x00000000ec26ec28, 0x00000000ec26ee00, 0x00000000ef950000)
 Metaspace       used 35312K, committed 35840K, reserved 229376K
  class space    used 5357K, committed 5632K, reserved 163840K
}
Event: 9.781 GC heap after
{Heap after GC invocations=10 (full 2):
 def new generation   total 36416K, used 0K [0x00000000e0000000, 0x00000000e2780000, 0x00000000eaaa0000)
  eden space 32384K,   0% used [0x00000000e0000000, 0x00000000e0000000, 0x00000000e1fa0000)
  from space 4032K,   0% used [0x00000000e1fa0000, 0x00000000e1fa0000, 0x00000000e2390000)
  to   space 4032K,   0% used [0x00000000e2390000, 0x00000000e2390000, 0x00000000e2780000)
 tenured generation   total 80576K, used 30192K [0x00000000eaaa0000, 0x00000000ef950000, 0x0000000100000000)
   the space 80576K,  37% used [0x00000000eaaa0000, 0x00000000ec81c2f0, 0x00000000ec81c400, 0x00000000ef950000)
 Metaspace       used 35312K, committed 35840K, reserved 229376K
  class space    used 5357K, committed 5632K, reserved 163840K
}
Event: 10.679 GC heap before
{Heap before GC invocations=10 (full 2):
 def new generation   total 36416K, used 32384K [0x00000000e0000000, 0x00000000e2780000, 0x00000000eaaa0000)
  eden space 32384K, 100% used [0x00000000e0000000, 0x00000000e1fa0000, 0x00000000e1fa0000)
  from space 4032K,   0% used [0x00000000e1fa0000, 0x00000000e1fa0000, 0x00000000e2390000)
  to   space 4032K,   0% used [0x00000000e2390000, 0x00000000e2390000, 0x00000000e2780000)
 tenured generation   total 80576K, used 30192K [0x00000000eaaa0000, 0x00000000ef950000, 0x0000000100000000)
   the space 80576K,  37% used [0x00000000eaaa0000, 0x00000000ec81c2f0, 0x00000000ec81c400, 0x00000000ef950000)
 Metaspace       used 37874K, committed 38464K, reserved 229376K
  class space    used 5827K, committed 6080K, reserved 163840K
}
Event: 10.701 GC heap after
{Heap after GC invocations=11 (full 2):
 def new generation   total 36416K, used 2002K [0x00000000e0000000, 0x00000000e2780000, 0x00000000eaaa0000)
  eden space 32384K,   0% used [0x00000000e0000000, 0x00000000e0000000, 0x00000000e1fa0000)
  from space 4032K,  49% used [0x00000000e2390000, 0x00000000e2584b10, 0x00000000e2780000)
  to   space 4032K,   0% used [0x00000000e1fa0000, 0x00000000e1fa0000, 0x00000000e2390000)
 tenured generation   total 80576K, used 30192K [0x00000000eaaa0000, 0x00000000ef950000, 0x0000000100000000)
   the space 80576K,  37% used [0x00000000eaaa0000, 0x00000000ec81c2f0, 0x00000000ec81c400, 0x00000000ef950000)
 Metaspace       used 37874K, committed 38464K, reserved 229376K
  class space    used 5827K, committed 6080K, reserved 163840K
}
Event: 13.516 GC heap before
{Heap before GC invocations=11 (full 2):
 def new generation   total 36416K, used 34386K [0x00000000e0000000, 0x00000000e2780000, 0x00000000eaaa0000)
  eden space 32384K, 100% used [0x00000000e0000000, 0x00000000e1fa0000, 0x00000000e1fa0000)
  from space 4032K,  49% used [0x00000000e2390000, 0x00000000e2584b10, 0x00000000e2780000)
  to   space 4032K,   0% used [0x00000000e1fa0000, 0x00000000e1fa0000, 0x00000000e2390000)
 tenured generation   total 80576K, used 30192K [0x00000000eaaa0000, 0x00000000ef950000, 0x0000000100000000)
   the space 80576K,  37% used [0x00000000eaaa0000, 0x00000000ec81c2f0, 0x00000000ec81c400, 0x00000000ef950000)
 Metaspace       used 40303K, committed 40832K, reserved 229376K
  class space    used 6216K, committed 6464K, reserved 163840K
}
Event: 13.567 GC heap after
{Heap after GC invocations=12 (full 2):
 def new generation   total 36416K, used 4031K [0x00000000e0000000, 0x00000000e2780000, 0x00000000eaaa0000)
  eden space 32384K,   0% used [0x00000000e0000000, 0x00000000e0000000, 0x00000000e1fa0000)
  from space 4032K,  99% used [0x00000000e1fa0000, 0x00000000e238fff8, 0x00000000e2390000)
  to   space 4032K,   0% used [0x00000000e2390000, 0x00000000e2390000, 0x00000000e2780000)
 tenured generation   total 80576K, used 30504K [0x00000000eaaa0000, 0x00000000ef950000, 0x0000000100000000)
   the space 80576K,  37% used [0x00000000eaaa0000, 0x00000000ec86a140, 0x00000000ec86a200, 0x00000000ef950000)
 Metaspace       used 40303K, committed 40832K, reserved 229376K
  class space    used 6216K, committed 6464K, reserved 163840K
}
Event: 16.174 GC heap before
{Heap before GC invocations=12 (full 2):
 def new generation   total 36416K, used 36415K [0x00000000e0000000, 0x00000000e2780000, 0x00000000eaaa0000)
  eden space 32384K,  99% used [0x00000000e0000000, 0x00000000e1f9fd00, 0x00000000e1fa0000)
  from space 4032K,  99% used [0x00000000e1fa0000, 0x00000000e238fff8, 0x00000000e2390000)
  to   space 4032K,   0% used [0x00000000e2390000, 0x00000000e2390000, 0x00000000e2780000)
 tenured generation   total 80576K, used 30504K [0x00000000eaaa0000, 0x00000000ef950000, 0x0000000100000000)
   the space 80576K,  37% used [0x00000000eaaa0000, 0x00000000ec86a140, 0x00000000ec86a200, 0x00000000ef950000)
 Metaspace       used 40976K, committed 41536K, reserved 229376K
  class space    used 6362K, committed 6592K, reserved 163840K
}
Event: 16.214 GC heap after
{Heap after GC invocations=13 (full 2):
 def new generation   total 36416K, used 1669K [0x00000000e0000000, 0x00000000e2780000, 0x00000000eaaa0000)
  eden space 32384K,   0% used [0x00000000e0000000, 0x00000000e0000000, 0x00000000e1fa0000)
  from space 4032K,  41% used [0x00000000e2390000, 0x00000000e25316e0, 0x00000000e2780000)
  to   space 4032K,   0% used [0x00000000e1fa0000, 0x00000000e1fa0000, 0x00000000e2390000)
 tenured generation   total 80576K, used 34513K [0x00000000eaaa0000, 0x00000000ef950000, 0x0000000100000000)
   the space 80576K,  42% used [0x00000000eaaa0000, 0x00000000ecc546c0, 0x00000000ecc54800, 0x00000000ef950000)
 Metaspace       used 40976K, committed 41536K, reserved 229376K
  class space    used 6362K, committed 6592K, reserved 163840K
}
Event: 17.270 GC heap before
{Heap before GC invocations=13 (full 2):
 def new generation   total 36416K, used 34053K [0x00000000e0000000, 0x00000000e2780000, 0x00000000eaaa0000)
  eden space 32384K, 100% used [0x00000000e0000000, 0x00000000e1fa0000, 0x00000000e1fa0000)
  from space 4032K,  41% used [0x00000000e2390000, 0x00000000e25316e0, 0x00000000e2780000)
  to   space 4032K,   0% used [0x00000000e1fa0000, 0x00000000e1fa0000, 0x00000000e2390000)
 tenured generation   total 80576K, used 34513K [0x00000000eaaa0000, 0x00000000ef950000, 0x0000000100000000)
   the space 80576K,  42% used [0x00000000eaaa0000, 0x00000000ecc546c0, 0x00000000ecc54800, 0x00000000ef950000)
 Metaspace       used 40976K, committed 41536K, reserved 229376K
  class space    used 6362K, committed 6592K, reserved 163840K
}
Event: 17.279 GC heap after
{Heap after GC invocations=14 (full 2):
 def new generation   total 36416K, used 2581K [0x00000000e0000000, 0x00000000e2780000, 0x00000000eaaa0000)
  eden space 32384K,   0% used [0x00000000e0000000, 0x00000000e0000000, 0x00000000e1fa0000)
  from space 4032K,  64% used [0x00000000e1fa0000, 0x00000000e2225770, 0x00000000e2390000)
  to   space 4032K,   0% used [0x00000000e2390000, 0x00000000e2390000, 0x00000000e2780000)
 tenured generation   total 80576K, used 34513K [0x00000000eaaa0000, 0x00000000ef950000, 0x0000000100000000)
   the space 80576K,  42% used [0x00000000eaaa0000, 0x00000000ecc546c0, 0x00000000ecc54800, 0x00000000ef950000)
 Metaspace       used 40976K, committed 41536K, reserved 229376K
  class space    used 6362K, committed 6592K, reserved 163840K
}
Event: 19.109 GC heap before
{Heap before GC invocations=14 (full 2):
 def new generation   total 36416K, used 34722K [0x00000000e0000000, 0x00000000e2780000, 0x00000000eaaa0000)
  eden space 32384K,  99% used [0x00000000e0000000, 0x00000000e1f63328, 0x00000000e1fa0000)
  from space 4032K,  64% used [0x00000000e1fa0000, 0x00000000e2225770, 0x00000000e2390000)
  to   space 4032K,   0% used [0x00000000e2390000, 0x00000000e2390000, 0x00000000e2780000)
 tenured generation   total 80576K, used 34513K [0x00000000eaaa0000, 0x00000000ef950000, 0x0000000100000000)
   the space 80576K,  42% used [0x00000000eaaa0000, 0x00000000ecc546c0, 0x00000000ecc54800, 0x00000000ef950000)
 Metaspace       used 41091K, committed 41728K, reserved 229376K
  class space    used 6387K, committed 6656K, reserved 163840K
}
Event: 19.121 GC heap after
{Heap after GC invocations=15 (full 2):
 def new generation   total 36416K, used 2411K [0x00000000e0000000, 0x00000000e2780000, 0x00000000eaaa0000)
  eden space 32384K,   0% used [0x00000000e0000000, 0x00000000e0000000, 0x00000000e1fa0000)
  from space 4032K,  59% used [0x00000000e2390000, 0x00000000e25eaf88, 0x00000000e2780000)
  to   space 4032K,   0% used [0x00000000e1fa0000, 0x00000000e1fa0000, 0x00000000e2390000)
 tenured generation   total 80576K, used 36102K [0x00000000eaaa0000, 0x00000000ef950000, 0x0000000100000000)
   the space 80576K,  44% used [0x00000000eaaa0000, 0x00000000ecde1948, 0x00000000ecde1a00, 0x00000000ef950000)
 Metaspace       used 41091K, committed 41728K, reserved 229376K
  class space    used 6387K, committed 6656K, reserved 163840K
}
Event: 22.658 GC heap before
{Heap before GC invocations=15 (full 2):
 def new generation   total 36416K, used 34795K [0x00000000e0000000, 0x00000000e2780000, 0x00000000eaaa0000)
  eden space 32384K, 100% used [0x00000000e0000000, 0x00000000e1fa0000, 0x00000000e1fa0000)
  from space 4032K,  59% used [0x00000000e2390000, 0x00000000e25eaf88, 0x00000000e2780000)
  to   space 4032K,   0% used [0x00000000e1fa0000, 0x00000000e1fa0000, 0x00000000e2390000)
 tenured generation   total 80576K, used 36102K [0x00000000eaaa0000, 0x00000000ef950000, 0x0000000100000000)
   the space 80576K,  44% used [0x00000000eaaa0000, 0x00000000ecde1948, 0x00000000ecde1a00, 0x00000000ef950000)
 Metaspace       used 42523K, committed 43072K, reserved 229376K
  class space    used 6550K, committed 6784K, reserved 163840K
}
Event: 22.676 GC heap after
{Heap after GC invocations=16 (full 2):
 def new generation   total 36416K, used 4032K [0x00000000e0000000, 0x00000000e2780000, 0x00000000eaaa0000)
  eden space 32384K,   0% used [0x00000000e0000000, 0x00000000e0000000, 0x00000000e1fa0000)
  from space 4032K, 100% used [0x00000000e1fa0000, 0x00000000e2390000, 0x00000000e2390000)
  to   space 4032K,   0% used [0x00000000e2390000, 0x00000000e2390000, 0x00000000e2780000)
 tenured generation   total 80576K, used 45526K [0x00000000eaaa0000, 0x00000000ef950000, 0x0000000100000000)
   the space 80576K,  56% used [0x00000000eaaa0000, 0x00000000ed7159d0, 0x00000000ed715a00, 0x00000000ef950000)
 Metaspace       used 42523K, committed 43072K, reserved 229376K
  class space    used 6550K, committed 6784K, reserved 163840K
}
Event: 43.200 GC heap before
{Heap before GC invocations=16 (full 2):
 def new generation   total 36416K, used 36416K [0x00000000e0000000, 0x00000000e2780000, 0x00000000eaaa0000)
  eden space 32384K, 100% used [0x00000000e0000000, 0x00000000e1fa0000, 0x00000000e1fa0000)
  from space 4032K, 100% used [0x00000000e1fa0000, 0x00000000e2390000, 0x00000000e2390000)
  to   space 4032K,   0% used [0x00000000e2390000, 0x00000000e2390000, 0x00000000e2780000)
 tenured generation   total 80576K, used 45526K [0x00000000eaaa0000, 0x00000000ef950000, 0x0000000100000000)
   the space 80576K,  56% used [0x00000000eaaa0000, 0x00000000ed7159d0, 0x00000000ed715a00, 0x00000000ef950000)
 Metaspace       used 44780K, committed 45376K, reserved 229376K
  class space    used 6838K, committed 7104K, reserved 163840K
}
Event: 43.209 GC heap after
{Heap after GC invocations=17 (full 2):
 def new generation   total 36416K, used 3402K [0x00000000e0000000, 0x00000000e2780000, 0x00000000eaaa0000)
  eden space 32384K,   0% used [0x00000000e0000000, 0x00000000e0000000, 0x00000000e1fa0000)
  from space 4032K,  84% used [0x00000000e2390000, 0x00000000e26e2818, 0x00000000e2780000)
  to   space 4032K,   0% used [0x00000000e1fa0000, 0x00000000e1fa0000, 0x00000000e2390000)
 tenured generation   total 80576K, used 49550K [0x00000000eaaa0000, 0x00000000ef950000, 0x0000000100000000)
   the space 80576K,  61% used [0x00000000eaaa0000, 0x00000000edb03bb8, 0x00000000edb03c00, 0x00000000ef950000)
 Metaspace       used 44780K, committed 45376K, reserved 229376K
  class space    used 6838K, committed 7104K, reserved 163840K
}

Dll operation events (15 events):
Event: 0.024 Loaded shared library C:\Users\jpten\dev-tools\jdk-17\bin\java.dll
Event: 0.048 Loaded shared library C:\Users\jpten\dev-tools\jdk-17\bin\jsvml.dll
Event: 0.166 Loaded shared library C:\Users\jpten\dev-tools\jdk-17\bin\zip.dll
Event: 0.171 Loaded shared library C:\Users\jpten\dev-tools\jdk-17\bin\instrument.dll
Event: 0.182 Loaded shared library C:\Users\jpten\dev-tools\jdk-17\bin\net.dll
Event: 0.185 Loaded shared library C:\Users\jpten\dev-tools\jdk-17\bin\nio.dll
Event: 0.190 Loaded shared library C:\Users\jpten\dev-tools\jdk-17\bin\zip.dll
Event: 0.554 Loaded shared library C:\Users\jpten\dev-tools\jdk-17\bin\jimage.dll
Event: 0.897 Loaded shared library C:\Users\jpten\dev-tools\jdk-17\bin\verify.dll
Event: 0.948 Loaded shared library C:\Users\jpten\.gradle\native\660c5614fbf4a5f2a75b1949f50a0caf5cd603558e7d8a26e50b933a0cfb79d1\windows-amd64\native-platform.dll
Event: 0.980 Loaded shared library C:\Users\jpten\.gradle\native\0.2.8\x86_64-windows-gnu\gradle-fileevents.dll
Event: 2.643 Loaded shared library C:\Users\jpten\dev-tools\jdk-17\bin\management.dll
Event: 2.649 Loaded shared library C:\Users\jpten\dev-tools\jdk-17\bin\management_ext.dll
Event: 3.146 Loaded shared library C:\Users\jpten\dev-tools\jdk-17\bin\extnet.dll
Event: 3.760 Loaded shared library C:\Users\jpten\dev-tools\jdk-17\bin\sunmscapi.dll

Deoptimization events (6 events):
Event: 8.460 Thread 0x00000233fe4979e0 DEOPT PACKING pc=0x00000233ee003e74 sp=0x000000ff011fa310
Event: 8.461 Thread 0x00000233fe4979e0 DEOPT UNPACKING pc=0x00000233ede66e43 sp=0x000000ff011f9888 mode 0
Event: 8.684 Thread 0x00000233fe4979e0 DEOPT PACKING pc=0x00000233ee2f50e4 sp=0x000000ff011f9be0
Event: 8.684 Thread 0x00000233fe4979e0 DEOPT UNPACKING pc=0x00000233ede66e43 sp=0x000000ff011f9100 mode 0
Event: 8.684 Thread 0x00000233fe4979e0 DEOPT PACKING pc=0x00000233ee280134 sp=0x000000ff011f9cd0
Event: 8.684 Thread 0x00000233fe4979e0 DEOPT UNPACKING pc=0x00000233ede66e43 sp=0x000000ff011f9190 mode 0

Classes loaded (20 events):
Event: 21.423 Loading class jdk/internal/reflect/UnsafeObjectFieldAccessorImpl
Event: 21.424 Loading class jdk/internal/reflect/UnsafeObjectFieldAccessorImpl done
Event: 21.433 Loading class java/lang/EnumBeanInfo
Event: 21.433 Loading class java/lang/EnumBeanInfo done
Event: 21.433 Loading class java/lang/EnumBeanInfo
Event: 21.433 Loading class java/lang/EnumBeanInfo done
Event: 21.433 Loading class java/lang/EnumCustomizer
Event: 21.434 Loading class java/lang/EnumCustomizer done
Event: 21.434 Loading class java/lang/EnumCustomizer
Event: 21.434 Loading class java/lang/EnumCustomizer done
Event: 21.467 Loading class java/lang/StackTraceElement$HashedModules
Event: 21.467 Loading class java/lang/StackTraceElement$HashedModules done
Event: 21.505 Loading class java/io/CharArrayReader
Event: 21.505 Loading class java/io/CharArrayReader done
Event: 43.222 Loading class java/util/Comparators$NaturalOrderComparator
Event: 43.223 Loading class java/util/Comparators$NaturalOrderComparator done
Event: 43.223 Loading class java/util/Comparators$NullComparator
Event: 43.223 Loading class java/util/Comparators$NullComparator done
Event: 43.271 Loading class sun/text/resources/cldr/FormatData_en_US
Event: 43.271 Loading class sun/text/resources/cldr/FormatData_en_US done

Classes unloaded (0 events):
No events

Classes redefined (0 events):
No events

Internal exceptions (20 events):
Event: 21.450 Thread 0x00000233fe4979e0 Exception <a 'java/lang/ClassNotFoundException'{0x00000000e1020dc8}: org/gradle/api/internal/artifacts/repositories/AbstractResolutionAwareArtifactRepositoryBeanInfo> (0x00000000e1020dc8) 
thrown [s\src\hotspot\share\classfile\systemDictionary.cpp, line 256]
Event: 21.451 Thread 0x00000233fe4979e0 Exception <a 'java/lang/ClassNotFoundException'{0x00000000e104c7f8}: org/gradle/api/internal/artifacts/repositories/AbstractArtifactRepositoryBeanInfo> (0x00000000e104c7f8) 
thrown [s\src\hotspot\share\classfile\systemDictionary.cpp, line 256]
Event: 21.452 Thread 0x00000233fe4979e0 Exception <a 'java/lang/ClassNotFoundException'{0x00000000e1078430}: org/gradle/api/internal/artifacts/repositories/AbstractArtifactRepositoryCustomizer> (0x00000000e1078430) 
thrown [s\src\hotspot\share\classfile\systemDictionary.cpp, line 256]
Event: 21.454 Thread 0x00000233fe4979e0 Exception <a 'java/lang/ClassNotFoundException'{0x00000000e10c8ff8}: org/gradle/api/internal/artifacts/repositories/AbstractResolutionAwareArtifactRepositoryCustomizer> (0x00000000e10c8ff8) 
thrown [s\src\hotspot\share\classfile\systemDictionary.cpp, line 256]
Event: 21.455 Thread 0x00000233fe4979e0 Exception <a 'java/lang/ClassNotFoundException'{0x00000000e11001b8}: org/gradle/api/internal/artifacts/repositories/AbstractAuthenticationSupportedRepositoryCustomizer> (0x00000000e11001b8) 
thrown [s\src\hotspot\share\classfile\systemDictionary.cpp, line 256]
Event: 21.456 Thread 0x00000233fe4979e0 Exception <a 'java/lang/ClassNotFoundException'{0x00000000e1141290}: org/gradle/api/internal/artifacts/repositories/DefaultMavenArtifactRepositoryCustomizer> (0x00000000e1141290) 
thrown [s\src\hotspot\share\classfile\systemDictionary.cpp, line 256]
Event: 21.458 Thread 0x00000233fe4979e0 Exception <a 'java/lang/ClassNotFoundException'{0x00000000e1185978}: org/gradle/api/internal/artifacts/repositories/DefaultMavenArtifactRepository_DecoratedCustomizer> (0x00000000e1185978) 
thrown [s\src\hotspot\share\classfile\systemDictionary.cpp, line 256]
Event: 22.574 Thread 0x00000233fe4979e0 Exception <a 'java/lang/ClassNotFoundException'{0x00000000e194edf8}: org/gradle/api/internal/project/LifecycleAwareProject_DecoratedBeanInfo> (0x00000000e194edf8) 
thrown [s\src\hotspot\share\classfile\systemDictionary.cpp, line 256]
Event: 22.575 Thread 0x00000233fe4979e0 Exception <a 'java/lang/ClassNotFoundException'{0x00000000e19cf5a0}: org/gradle/api/internal/project/LifecycleAwareProjectBeanInfo> (0x00000000e19cf5a0) 
thrown [s\src\hotspot\share\classfile\systemDictionary.cpp, line 256]
Event: 22.576 Thread 0x00000233fe4979e0 Exception <a 'java/lang/ClassNotFoundException'{0x00000000e19ed9b8}: org/gradle/api/internal/project/MutableStateAccessAwareProjectBeanInfo> (0x00000000e19ed9b8) 
thrown [s\src\hotspot\share\classfile\systemDictionary.cpp, line 256]
Event: 22.577 Thread 0x00000233fe4979e0 Exception <a 'java/lang/ClassNotFoundException'{0x00000000e1a0c398}: org/gradle/api/internal/project/MutableStateAccessAwareProjectCustomizer> (0x00000000e1a0c398) 
thrown [s\src\hotspot\share\classfile\systemDictionary.cpp, line 256]
Event: 22.580 Thread 0x00000233fe4979e0 Exception <a 'java/lang/ClassNotFoundException'{0x00000000e1b009b8}: org/gradle/api/internal/project/LifecycleAwareProjectCustomizer> (0x00000000e1b009b8) 
thrown [s\src\hotspot\share\classfile\systemDictionary.cpp, line 256]
Event: 22.581 Thread 0x00000233fe4979e0 Exception <a 'java/lang/ClassNotFoundException'{0x00000000e1b30e90}: org/gradle/api/internal/project/LifecycleAwareProject_DecoratedCustomizer> (0x00000000e1b30e90) 
thrown [s\src\hotspot\share\classfile\systemDictionary.cpp, line 256]
Event: 22.641 Thread 0x00000233fe4979e0 Exception <a 'java/lang/ClassNotFoundException'{0x00000000e1ee2f30}: build_42gg331jkmih4mbg4p0911d7sBeanInfo> (0x00000000e1ee2f30) 
thrown [s\src\hotspot\share\classfile\systemDictionary.cpp, line 256]
Event: 22.641 Thread 0x00000233fe4979e0 Exception <a 'java/lang/ClassNotFoundException'{0x00000000e1eebad8}: build_42gg331jkmih4mbg4p0911d7sCustomizer> (0x00000000e1eebad8) 
thrown [s\src\hotspot\share\classfile\systemDictionary.cpp, line 256]
Event: 22.645 Thread 0x00000233fe4979e0 Exception <a 'java/lang/ClassNotFoundException'{0x00000000e1f2adc0}: org/gradle/api/internal/plugins/DefaultObjectConfigurationActionBeanInfo> (0x00000000e1f2adc0) 
thrown [s\src\hotspot\share\classfile\systemDictionary.cpp, line 256]
Event: 22.645 Thread 0x00000233fe4979e0 Exception <a 'java/lang/ClassNotFoundException'{0x00000000e1f45848}: org/gradle/api/internal/plugins/DefaultObjectConfigurationActionCustomizer> (0x00000000e1f45848) 
thrown [s\src\hotspot\share\classfile\systemDictionary.cpp, line 256]
Event: 41.085 Thread 0x00000233fe4979e0 Exception <a 'java/lang/NoSuchMethodError'{0x00000000e17f7ae8}: 'java.lang.Object java.lang.invoke.DirectMethodHandle$Holder.invokeSpecial(java.lang.Object, java.lang.Object, long, java.lang.Object, java.lang.Object, java.lang.Object, java.lang.Object, java.lang.Object, java.lang.Object, java.lang.Object, java.lang.Object, java.lang.Object)'> (0x00000000e17f7ae8) 
thrown [s\src\hotspot\share\interpreter\linkResolver.cpp, line 759]
Event: 41.086 Thread 0x00000233fe4979e0 Exception <a 'java/lang/NoSuchMethodError'{0x00000000e17fd570}: 'java.lang.Object java.lang.invoke.DelegatingMethodHandle$Holder.reinvoke_L(java.lang.Object, long, java.lang.Object, java.lang.Object, java.lang.Object, java.lang.Object, java.lang.Object, java.lang.Object, java.lang.Object, java.lang.Object, java.lang.Object)'> (0x00000000e17fd570) 
thrown [s\src\hotspot\share\interpreter\linkResolver.cpp, line 759]
Event: 43.221 Thread 0x00000233fe4979e0 Exception <a 'java/lang/NoSuchMethodError'{0x00000000e0111ac8}: 'int java.lang.invoke.DirectMethodHandle$Holder.invokeSpecialIFC(java.lang.Object, java.lang.Object, java.lang.Object, java.lang.Object, java.lang.Object)'> (0x00000000e0111ac8) 
thrown [s\src\hotspot\share\interpreter\linkResolver.cpp, line 759]

VM Operations (20 events):
Event: 19.121 Executing VM operation: GenCollectForAllocation done
Event: 20.131 Executing VM operation: Cleanup
Event: 20.131 Executing VM operation: Cleanup done
Event: 22.148 Executing VM operation: Cleanup
Event: 22.532 Executing VM operation: Cleanup done
Event: 22.658 Executing VM operation: GenCollectForAllocation
Event: 22.676 Executing VM operation: GenCollectForAllocation done
Event: 23.691 Executing VM operation: Cleanup
Event: 23.752 Executing VM operation: Cleanup done
Event: 26.771 Executing VM operation: Cleanup
Event: 26.771 Executing VM operation: Cleanup done
Event: 39.868 Executing VM operation: Cleanup
Event: 40.008 Executing VM operation: Cleanup done
Event: 41.011 Executing VM operation: Cleanup
Event: 41.011 Executing VM operation: Cleanup done
Event: 42.022 Executing VM operation: Cleanup
Event: 42.146 Executing VM operation: Cleanup done
Event: 43.200 Executing VM operation: GenCollectForAllocation
Event: 43.209 Executing VM operation: GenCollectForAllocation done
Event: 44.223 Executing VM operation: Cleanup

Memory protections (0 events):
No events

Nmethod flushes (0 events):
No events

Events (20 events):
Event: 3.568 Thread 0x00000233e4ace300 Thread added: 0x00000233fde89040
Event: 3.841 Thread 0x00000233fde996f0 Thread added: 0x00000233fdf5e170
Event: 3.852 Thread 0x00000233fdf5e170 Thread added: 0x00000233fe47c0a0
Event: 3.923 Thread 0x00000233fdf5e170 Thread added: 0x00000233fe498400
Event: 3.937 Thread 0x00000233fdf5e170 Thread added: 0x00000233fe4979e0
Event: 3.957 Thread 0x00000233fe4979e0 Thread added: 0x00000233fe498910
Event: 3.960 Thread 0x00000233fe4979e0 Thread added: 0x00000233fe496ab0
Event: 3.981 Thread 0x00000233fe4979e0 Thread added: 0x00000233fe496fc0
Event: 4.861 Thread 0x00000233fe4979e0 Thread added: 0x00000233fe499840
Event: 4.896 Thread 0x00000233fe4979e0 Thread added: 0x00000233fe4974d0
Event: 5.002 Thread 0x00000233fe4979e0 Thread added: 0x00000233fe497ef0
Event: 6.476 Thread 0x00000233fe4979e0 Thread added: 0x00000233fe49a260
Event: 6.509 Thread 0x00000233fe4979e0 Thread added: 0x00000233fe499d50
Event: 6.963 Thread 0x00000233fe4979e0 Thread added: 0x00000233fe498e20
Event: 7.037 Thread 0x00000233fe4979e0 Thread added: 0x00000233fe499330
Event: 7.398 Thread 0x00000233fe4979e0 Thread added: 0x00000233febf4ed0
Event: 7.503 Thread 0x00000233fe4979e0 Thread added: 0x00000233febf3580
Event: 8.363 Thread 0x00000233fe4979e0 Thread added: 0x00000233febf58f0
Event: 13.625 Thread 0x00000233fe4979e0 Thread added: 0x00000233febf3a90
Event: 22.565 Thread 0x00000233fe4979e0 Thread added: 0x00000233febf3fa0


Dynamic libraries:
0x00007ff623fb0000 - 0x00007ff623fbe000 	C:\Users\jpten\dev-tools\jdk-17\bin\java.exe
0x00007ffcfab40000 - 0x00007ffcfada6000 	C:\Windows\SYSTEM32\ntdll.dll
0x00007ffcf9ce0000 - 0x00007ffcf9da9000 	C:\Windows\System32\KERNEL32.DLL
0x00007ffcf8250000 - 0x00007ffcf864e000 	C:\Windows\System32\KERNELBASE.dll
0x00007ffcf8660000 - 0x00007ffcf87ac000 	C:\Windows\System32\ucrtbase.dll
0x00007ffcbe8f0000 - 0x00007ffcbe908000 	C:\Users\jpten\dev-tools\jdk-17\bin\jli.dll
0x00007ffcfa050000 - 0x00007ffcfa217000 	C:\Windows\System32\USER32.dll
0x00007ffcbebf0000 - 0x00007ffcbec0e000 	C:\Users\jpten\dev-tools\jdk-17\bin\VCRUNTIME140.dll
0x00007ffcf8160000 - 0x00007ffcf8187000 	C:\Windows\System32\win32u.dll
0x00007ffcf9af0000 - 0x00007ffcf9b1b000 	C:\Windows\System32\GDI32.dll
0x00007ffcf8030000 - 0x00007ffcf815a000 	C:\Windows\System32\gdi32full.dll
0x00007ffce0f80000 - 0x00007ffce1212000 	C:\Windows\WinSxS\amd64_microsoft.windows.common-controls_6595b64144ccf1df_6.0.26100.8875_none_3e0d5d42e32fe9dd\COMCTL32.dll
0x00007ffcf87c0000 - 0x00007ffcf8863000 	C:\Windows\System32\msvcp_win.dll
0x00007ffcf8d40000 - 0x00007ffcf8de9000 	C:\Windows\System32\msvcrt.dll
0x00007ffcf8e80000 - 0x00007ffcf8eb2000 	C:\Windows\System32\IMM32.DLL
0x00007ffcbebe0000 - 0x00007ffcbebec000 	C:\Users\jpten\dev-tools\jdk-17\bin\vcruntime140_1.dll
0x00007ffc64d30000 - 0x00007ffc64dbd000 	C:\Users\jpten\dev-tools\jdk-17\bin\msvcp140.dll
0x00007ffc01bd0000 - 0x00007ffc0283c000 	C:\Users\jpten\dev-tools\jdk-17\bin\server\jvm.dll
0x00007ffcf8870000 - 0x00007ffcf8927000 	C:\Windows\System32\ADVAPI32.dll
0x00007ffcf9e90000 - 0x00007ffcf9f3a000 	C:\Windows\System32\sechost.dll
0x00007ffcfa770000 - 0x00007ffcfa888000 	C:\Windows\System32\RPCRT4.dll
0x00007ffcf9fc0000 - 0x00007ffcfa040000 	C:\Windows\System32\WS2_32.dll
0x00007ffcf6870000 - 0x00007ffcf68ce000 	C:\Windows\SYSTEM32\POWRPROF.dll
0x00007ffceb640000 - 0x00007ffceb676000 	C:\Windows\SYSTEM32\WINMM.dll
0x00007ffced130000 - 0x00007ffced13b000 	C:\Windows\SYSTEM32\VERSION.dll
0x00007ffcf6850000 - 0x00007ffcf6864000 	C:\Windows\SYSTEM32\UMPDC.dll
0x00007ffcf6b60000 - 0x00007ffcf6b7b000 	C:\Windows\SYSTEM32\kernel.appcore.dll
0x00007ffcbeaa0000 - 0x00007ffcbeaaa000 	C:\Users\jpten\dev-tools\jdk-17\bin\jimage.dll
0x00007ffcebd40000 - 0x00007ffcebf82000 	C:\Windows\SYSTEM32\DBGHELP.DLL
0x00007ffcf9660000 - 0x00007ffcf99e3000 	C:\Windows\System32\combase.dll
0x00007ffcf9db0000 - 0x00007ffcf9e89000 	C:\Windows\System32\OLEAUT32.dll
0x00007ffced2d0000 - 0x00007ffced30b000 	C:\Windows\SYSTEM32\dbgcore.DLL
0x00007ffcf8190000 - 0x00007ffcf823c000 	C:\Windows\System32\bcryptPrimitives.dll
0x00007ffcbe870000 - 0x00007ffcbe87e000 	C:\Users\jpten\dev-tools\jdk-17\bin\instrument.dll
0x00007ffcb2c40000 - 0x00007ffcb2c65000 	C:\Users\jpten\dev-tools\jdk-17\bin\java.dll
0x00007ffc3d460000 - 0x00007ffc3d537000 	C:\Users\jpten\dev-tools\jdk-17\bin\jsvml.dll
0x00007ffcf8ec0000 - 0x00007ffcf9652000 	C:\Windows\System32\SHELL32.dll
0x00007ffcf57f0000 - 0x00007ffcf6082000 	C:\Windows\SYSTEM32\windows.storage.dll
0x00007ffcf99f0000 - 0x00007ffcf9ae7000 	C:\Windows\System32\SHCORE.dll
0x00007ffcf8cd0000 - 0x00007ffcf8d37000 	C:\Windows\System32\shlwapi.dll
0x00007ffcf7c80000 - 0x00007ffcf7ca9000 	C:\Windows\SYSTEM32\profapi.dll
0x00007ffcbe850000 - 0x00007ffcbe868000 	C:\Users\jpten\dev-tools\jdk-17\bin\zip.dll
0x00007ffcb77c0000 - 0x00007ffcb77da000 	C:\Users\jpten\dev-tools\jdk-17\bin\net.dll
0x00007ffcf10e0000 - 0x00007ffcf1207000 	C:\Windows\SYSTEM32\WINHTTP.dll
0x00007ffcf7110000 - 0x00007ffcf717c000 	C:\Windows\system32\mswsock.dll
0x00007ffcb2440000 - 0x00007ffcb2456000 	C:\Users\jpten\dev-tools\jdk-17\bin\nio.dll
0x00007ffcbc760000 - 0x00007ffcbc770000 	C:\Users\jpten\dev-tools\jdk-17\bin\verify.dll
0x00007ffcc2a50000 - 0x00007ffcc2a77000 	C:\Users\jpten\.gradle\native\660c5614fbf4a5f2a75b1949f50a0caf5cd603558e7d8a26e50b933a0cfb79d1\windows-amd64\native-platform.dll
0x00007ffca7a60000 - 0x00007ffca7ad7000 	C:\Users\jpten\.gradle\native\0.2.8\x86_64-windows-gnu\gradle-fileevents.dll
0x00007ffcbbcc0000 - 0x00007ffcbbcca000 	C:\Users\jpten\dev-tools\jdk-17\bin\management.dll
0x00007ffcb7720000 - 0x00007ffcb772c000 	C:\Users\jpten\dev-tools\jdk-17\bin\management_ext.dll
0x00007ffcf9b20000 - 0x00007ffcf9b28000 	C:\Windows\System32\PSAPI.DLL
0x00007ffcf6450000 - 0x00007ffcf6483000 	C:\Windows\SYSTEM32\IPHLPAPI.DLL
0x00007ffcf9cd0000 - 0x00007ffcf9cda000 	C:\Windows\System32\NSI.dll
0x00007ffcf1000000 - 0x00007ffcf101d000 	C:\Windows\SYSTEM32\dhcpcsvc6.DLL
0x00007ffcf0f30000 - 0x00007ffcf0f55000 	C:\Windows\SYSTEM32\dhcpcsvc.DLL
0x00007ffcf64e0000 - 0x00007ffcf6636000 	C:\Windows\SYSTEM32\DNSAPI.dll
0x00007ffcf6f10000 - 0x00007ffcf6f1d000 	C:\Windows\SYSTEM32\DSPARSE.dll
0x00007ffcb4f40000 - 0x00007ffcb4f49000 	C:\Users\jpten\dev-tools\jdk-17\bin\extnet.dll
0x00007ffcf7410000 - 0x00007ffcf742b000 	C:\Windows\SYSTEM32\CRYPTSP.dll
0x00007ffcf6ac0000 - 0x00007ffcf6af9000 	C:\Windows\system32\rsaenh.dll
0x00007ffcf71d0000 - 0x00007ffcf7202000 	C:\Windows\SYSTEM32\USERENV.dll
0x00007ffcf7c50000 - 0x00007ffcf7c7a000 	C:\Windows\SYSTEM32\bcrypt.dll
0x00007ffcf7430000 - 0x00007ffcf743c000 	C:\Windows\SYSTEM32\CRYPTBASE.dll
0x00007ffcb2c30000 - 0x00007ffcb2c3e000 	C:\Users\jpten\dev-tools\jdk-17\bin\sunmscapi.dll
0x00007ffcf7eb0000 - 0x00007ffcf8028000 	C:\Windows\System32\CRYPT32.dll
0x00007ffcf7650000 - 0x00007ffcf7680000 	C:\Windows\SYSTEM32\ncrypt.dll
0x00007ffcf7600000 - 0x00007ffcf763f000 	C:\Windows\SYSTEM32\NTASN1.dll
0x00007ffc6ca10000 - 0x00007ffc6ca18000 	C:\Windows\system32\wshunix.dll

dbghelp: loaded successfully - version: 4.0.5 - missing functions: none
symbol engine: initialized successfully - sym options: 0x614 - pdb path: .;C:\Users\jpten\dev-tools\jdk-17\bin;C:\Windows\SYSTEM32;C:\Windows\WinSxS\amd64_microsoft.windows.common-controls_6595b64144ccf1df_6.0.26100.8875_none_3e0d5d42e32fe9dd;C:\Users\jpten\dev-tools\jdk-17\bin\server;C:\Users\jpten\.gradle\native\660c5614fbf4a5f2a75b1949f50a0caf5cd603558e7d8a26e50b933a0cfb79d1\windows-amd64;C:\Users\jpten\.gradle\native\0.2.8\x86_64-windows-gnu

VM Arguments:
jvm_args: --add-opens=java.base/java.lang=ALL-UNNAMED --add-opens=java.base/java.lang.invoke=ALL-UNNAMED --add-opens=java.base/java.util=ALL-UNNAMED --add-opens=java.prefs/java.util.prefs=ALL-UNNAMED --add-exports=jdk.compiler/com.sun.tools.javac.api=ALL-UNNAMED --add-exports=jdk.compiler/com.sun.tools.javac.util=ALL-UNNAMED --add-opens=java.base/java.util=ALL-UNNAMED --add-opens=java.prefs/java.util.prefs=ALL-UNNAMED --add-opens=java.base/java.nio.charset=ALL-UNNAMED --add-opens=java.base/java.net=ALL-UNNAMED --add-opens=java.base/java.util.concurrent=ALL-UNNAMED --add-opens=java.base/java.util.concurrent.atomic=ALL-UNNAMED --add-opens=java.xml/javax.xml.namespace=ALL-UNNAMED --add-opens=java.base/java.time=ALL-UNNAMED -XX:MaxMetaspaceSize=192m -XX:CICompilerCount=1 -XX:TieredStopAtLevel=1 -XX:ActiveProcessorCount=1 -Xmx512m -Dfile.encoding=UTF-8 -Duser.country=PH -Duser.language=en -Duser.variant -javaagent:C:\Users\jpten\.gradle\wrapper\dists\gradle-9.4.0-bin\lcvyxq3t37f6mx9miaydrrgs\gradle-9.4.0\lib\agents\gradle-instrumentation-agent-9.4.0.jar 
java_command: org.gradle.launcher.daemon.bootstrap.GradleDaemon 9.4.0
java_class_path (initial): C:\Users\jpten\.gradle\wrapper\dists\gradle-9.4.0-bin\lcvyxq3t37f6mx9miaydrrgs\gradle-9.4.0\lib\gradle-daemon-main-9.4.0.jar
Launcher Type: SUN_STANDARD

[Global flags]
      int ActiveProcessorCount                     = 1                                         {product} {command line}
     intx CICompilerCount                          = 1                                         {product} {command line}
   size_t CompressedClassSpaceSize                 = 167772160                                 {product} {ergonomic}
   size_t InitialHeapSize                          = 123731968                                 {product} {ergonomic}
   size_t MaxHeapSize                              = 536870912                                 {product} {command line}
   size_t MaxMetaspaceSize                         = 201326592                                 {product} {command line}
   size_t MaxNewSize                               = 178913280                                 {product} {ergonomic}
   size_t MinHeapDeltaBytes                        = 196608                                    {product} {ergonomic}
   size_t MinHeapSize                              = 8388608                                   {product} {ergonomic}
   size_t NewSize                                  = 41222144                                  {product} {ergonomic}
    uintx NonProfiledCodeHeapSize                  = 0                                      {pd product} {ergonomic}
   size_t OldSize                                  = 82509824                                  {product} {ergonomic}
     bool ProfileInterpreter                       = false                                  {pd product} {command line}
    uintx ProfiledCodeHeapSize                     = 0                                      {pd product} {ergonomic}
   size_t SoftMaxHeapSize                          = 536870912                              {manageable} {ergonomic}
     intx TieredStopAtLevel                        = 1                                         {product} {command line}
     bool UseCompressedClassPointers               = true                           {product lp64_product} {ergonomic}
     bool UseCompressedOops                        = true                           {product lp64_product} {ergonomic}
     bool UseLargePagesIndividualAllocation        = false                                  {pd product} {ergonomic}
     bool UseSerialGC                              = true                                      {product} {ergonomic}

Logging:
Log output configuration:
 #0: stdout all=warning uptime,level,tags
 #1: stderr all=off uptime,level,tags

Environment Variables:
JAVA_HOME=C:\Users\jpten\dev-tools\jdk-17
PATH=C:\Users\jpten\.codex\tmp\arg0\codex-arg0jC0kWk;C:\Python314\Scripts\;C:\Python314\;C:\Program Files (x86)\Common Files\Oracle\Java\java8path;C:\Program Files (x86)\Common Files\Oracle\Java\javapath;C:\Windows\system32;C:\Windows;C:\Windows\System32\Wbem;C:\Windows\System32\WindowsPowerShell\v1.0\;C:\Windows\System32\OpenSSH\;C:\Program Files (x86)\NVIDIA Corporation\PhysX\Common;C:\Program Files\NVIDIA Corporation\NVIDIA App\NvDLISR;C:\Program Files\dotnet\;C:\Program Files\playit_gg\bin\;C:\Program Files\nodejs\;C:\ProgramData\chocolatey\bin;C:\Program Files\Git\cmd;C:\Users\jpten\AppData\Local\Microsoft\WindowsApps;C:\Users\jpten\.dotnet\tools;C:\Users\jpten\AppData\Local\Programs\Microsoft VS Code\bin;C:\Users\jpten\AppData\Roaming\npm;C:\Users\jpten\AppData\Local\Microsoft\WinGet\Packages\Rclone.Rclone_Microsoft.Winget.Source_8wekyb3d8bbwe\rclone-v1.74.3-windows-amd64;C:\Users\jpten\dev-tools\jdk-17\bin;C:\Program Files\Git\cmd;C:\Users\jpten\Android\Sdk\platform-tools;C:\Users\jpten\Android\Sdk\cmdline-tools\latest\bin;c:\Users\jpten\.vscode\extensions\openai.chatgpt-26.715.31925-win32-x64\bin\windows-x86_64
USERNAME=jpten
OS=Windows_NT
PROCESSOR_IDENTIFIER=AMD64 Family 25 Model 68 Stepping 1, AuthenticAMD
TMP=C:\Users\jpten\AppData\Local\Temp
TEMP=C:\Users\jpten\AppData\Local\Temp



Periodic native trim disabled


---------------  S Y S T E M  ---------------

OS:
 Windows 11 , 64 bit Build 26100 (10.0.26100.8875)
OS uptime: 0 days 23:05 hours
Hyper-V role detected

CPU: total 12 (initial active 1) (12 cores per cpu, 2 threads per core) family 25 model 68 stepping 1 microcode 0xa40410a, cx8, cmov, fxsr, ht, mmx, 3dnowpref, sse, sse2, sse3, ssse3, sse4a, sse4.1, sse4.2, popcnt, lzcnt, tsc, tscinvbit, avx, avx2, aes, erms, clmul, bmi1, bmi2, adx, sha, fma, vzeroupper, clflush, clflushopt, hv
Processor Information for processor 0
  Max Mhz: 3301, Current Mhz: 3301, Mhz Limit: 3301
Processor Information for processor 1
  Max Mhz: 3301, Current Mhz: 2008, Mhz Limit: 3301
Processor Information for processor 2
  Max Mhz: 3301, Current Mhz: 2008, Mhz Limit: 3301
Processor Information for processor 3
  Max Mhz: 3301, Current Mhz: 2008, Mhz Limit: 3301
Processor Information for processor 4
  Max Mhz: 3301, Current Mhz: 2008, Mhz Limit: 3301
Processor Information for processor 5
  Max Mhz: 3301, Current Mhz: 2008, Mhz Limit: 3301
Processor Information for processor 6
  Max Mhz: 3301, Current Mhz: 2008, Mhz Limit: 3301
Processor Information for processor 7
  Max Mhz: 3301, Current Mhz: 3301, Mhz Limit: 3301
Processor Information for processor 8
  Max Mhz: 3301, Current Mhz: 2008, Mhz Limit: 3301
Processor Information for processor 9
  Max Mhz: 3301, Current Mhz: 2008, Mhz Limit: 3301
Processor Information for processor 10
  Max Mhz: 3301, Current Mhz: 2008, Mhz Limit: 3301
Processor Information for processor 11
  Max Mhz: 3301, Current Mhz: 2008, Mhz Limit: 3301

Memory: 4k page, system-wide physical 7484M (1015M free)
TotalPageFile size 30012M (AvailPageFile size 0M)
current process WorkingSet (physical memory assigned to process): 161M, peak: 161M
current process commit charge ("private bytes"): 246M, peak: 247M

vm_info: OpenJDK 64-Bit Server VM (17.0.19+10) for windows-amd64 JRE (17.0.19+10), built on Apr 25 2026 08:04:44 by "admin" with MS VC++ 17.12 (VS2022)

END.
