#
# There is insufficient memory for the Java Runtime Environment to continue.
# Native memory allocation (malloc) failed to allocate 1073936 bytes. Error detail: Chunk::new
# Possible reasons:
#   The system is out of physical RAM or swap space
#   This process is running with CompressedOops enabled, and the Java Heap may be blocking the growth of the native heap
# Possible solutions:
#   Reduce memory load on the system
#   Increase physical memory or swap space
#   Check if swap backing store is full
#   Decrease Java heap size (-Xmx/-Xms)
#   Decrease number of Java threads
#   Decrease Java thread stack sizes (-Xss)
#   Set larger code cache with -XX:ReservedCodeCacheSize=
#   JVM is running with Unscaled Compressed Oops mode in which the Java heap is
#     placed in the first 4GB address space. The Java Heap base address is the
#     maximum limit for the native heap growth. Please use -XX:HeapBaseMinAddress
#     to set the Java Heap base and to place the Java Heap above 4GB virtual address.
# This output file may be truncated or incomplete.
#
#  Out of Memory Error (arena.cpp:191), pid=59200, tid=61640
#
# JRE version: OpenJDK Runtime Environment Temurin-17.0.19+10 (17.0.19+10) (build 17.0.19+10)
# Java VM: OpenJDK 64-Bit Server VM Temurin-17.0.19+10 (17.0.19+10, mixed mode, sharing, tiered, compressed oops, compressed class ptrs, g1 gc, windows-amd64)
# No core dump will be written. Minidumps are not enabled by default on client versions of Windows
#

---------------  S U M M A R Y ------------

Command Line: --add-opens=java.base/java.lang=ALL-UNNAMED --add-opens=java.base/java.lang.invoke=ALL-UNNAMED --add-opens=java.base/java.util=ALL-UNNAMED --add-opens=java.prefs/java.util.prefs=ALL-UNNAMED --add-exports=jdk.compiler/com.sun.tools.javac.api=ALL-UNNAMED --add-exports=jdk.compiler/com.sun.tools.javac.util=ALL-UNNAMED --add-opens=java.base/java.util=ALL-UNNAMED --add-opens=java.prefs/java.util.prefs=ALL-UNNAMED --add-opens=java.base/java.nio.charset=ALL-UNNAMED --add-opens=java.base/java.net=ALL-UNNAMED --add-opens=java.base/java.util.concurrent=ALL-UNNAMED --add-opens=java.base/java.util.concurrent.atomic=ALL-UNNAMED --add-opens=java.xml/javax.xml.namespace=ALL-UNNAMED --add-opens=java.base/java.time=ALL-UNNAMED -XX:MaxMetaspaceSize=256m -XX:CICompilerCount=2 -XX:ActiveProcessorCount=2 -XX:+HeapDumpOnOutOfMemoryError -Xmx768m -Dfile.encoding=UTF-8 -Duser.country=PH -Duser.language=en -Duser.variant -javaagent:C:\Users\jpten\.gradle\wrapper\dists\gradle-9.4.0-bin\lcvyxq3t37f6mx9miaydrrgs\gradle-9.4.0\lib\agents\gradle-instrumentation-agent-9.4.0.jar org.gradle.launcher.daemon.bootstrap.GradleDaemon 9.4.0

Host: AMD Ryzen 5 6600H with Radeon Graphics         , 12 cores, 7G,  Windows 11 , 64 bit Build 26100 (10.0.26100.8875)
Time: Tue Jul 28 11:20:13 2026 Malay Peninsula Standard Time elapsed time: 79.152921 seconds (0d 0h 1m 19s)

---------------  T H R E A D  ---------------

Current thread (0x000002094e70d500):  JavaThread "C2 CompilerThread0" daemon [_thread_in_native, id=61640, stack(0x000000f956d00000,0x000000f956e00000)]


Current CompileTask:
C2:79153 17130       4       com.sun.tools.javac.comp.Resolve$MethodResultInfo::check (95 bytes)

Stack: [0x000000f956d00000,0x000000f956e00000]
Native frames: (J=compiled Java code, j=interpreted, Vv=VM code, C=native code)
V  [jvm.dll+0x684b29]
V  [jvm.dll+0x83a2d5]
V  [jvm.dll+0x83bd4e]
V  [jvm.dll+0x83c3d3]
V  [jvm.dll+0x24905f]
V  [jvm.dll+0xad536]
V  [jvm.dll+0xadbdc]
V  [jvm.dll+0x368d4f]
V  [jvm.dll+0x1bc2bf]
V  [jvm.dll+0x219fc0]
V  [jvm.dll+0x2192af]
V  [jvm.dll+0x1a49f0]
V  [jvm.dll+0x2299fa]
V  [jvm.dll+0x227bab]
V  [jvm.dll+0x7f0a88]
V  [jvm.dll+0x7eaf1c]
V  [jvm.dll+0x6839f7]
C  [ucrtbase.dll+0x2cd30]
C  [KERNEL32.DLL+0x2e957]
C  [ntdll.dll+0xaad6c]


---------------  P R O C E S S  ---------------

Threads class SMR info:
_java_thread_list=0x0000020967016770, length=40, elements={
0x0000020931fb3030, 0x000002094e6f0430, 0x000002094e6f0f00, 0x000002094e707930,
0x000002094e708200, 0x000002094e708ad0, 0x000002094e709b40, 0x000002094e70d500,
0x000002094e7193f0, 0x000002094e70fd60, 0x000002094e939fc0, 0x000002094ea16f10,
0x0000020962b8de40, 0x0000020962af5010, 0x0000020962b19b60, 0x0000020962b75530,
0x0000020962b55750, 0x0000020962b54820, 0x0000020962b53e00, 0x0000020962b52ed0,
0x0000020962b55240, 0x0000020962b55c60, 0x0000020962b524b0, 0x0000020962b54310,
0x0000020962b529c0, 0x0000020962b538f0, 0x0000020962b54d30, 0x0000020963717000,
0x0000020963715bc0, 0x0000020963717f30, 0x0000020963717a20, 0x0000020963719370,
0x00000209637160d0, 0x0000020963718950, 0x0000020963718e60, 0x0000020963719d90,
0x000002096371c610, 0x0000020963718440, 0x0000020963716af0, 0x000002096371c100
}

Java Threads: ( => current thread )
  0x0000020931fb3030 JavaThread "main" [_thread_blocked, id=63196, stack(0x000000f956000000,0x000000f956100000)]
  0x000002094e6f0430 JavaThread "Reference Handler" daemon [_thread_blocked, id=42748, stack(0x000000f956700000,0x000000f956800000)]
  0x000002094e6f0f00 JavaThread "Finalizer" daemon [_thread_blocked, id=45652, stack(0x000000f956800000,0x000000f956900000)]
  0x000002094e707930 JavaThread "Signal Dispatcher" daemon [_thread_blocked, id=49236, stack(0x000000f956900000,0x000000f956a00000)]
  0x000002094e708200 JavaThread "Attach Listener" daemon [_thread_blocked, id=61048, stack(0x000000f956a00000,0x000000f956b00000)]
  0x000002094e708ad0 JavaThread "Service Thread" daemon [_thread_blocked, id=59388, stack(0x000000f956b00000,0x000000f956c00000)]
  0x000002094e709b40 JavaThread "Monitor Deflation Thread" daemon [_thread_blocked, id=51168, stack(0x000000f956c00000,0x000000f956d00000)]
=>0x000002094e70d500 JavaThread "C2 CompilerThread0" daemon [_thread_in_native, id=61640, stack(0x000000f956d00000,0x000000f956e00000)]
  0x000002094e7193f0 JavaThread "C1 CompilerThread0" daemon [_thread_blocked, id=50808, stack(0x000000f956e00000,0x000000f956f00000)]
  0x000002094e70fd60 JavaThread "Sweeper thread" daemon [_thread_blocked, id=53456, stack(0x000000f956f00000,0x000000f957000000)]
  0x000002094e939fc0 JavaThread "Common-Cleaner" daemon [_thread_blocked, id=57272, stack(0x000000f957000000,0x000000f957100000)]
  0x000002094ea16f10 JavaThread "Notification Thread" daemon [_thread_blocked, id=43308, stack(0x000000f957100000,0x000000f957200000)]
  0x0000020962b8de40 JavaThread "Daemon health stats" [_thread_blocked, id=61020, stack(0x000000f957400000,0x000000f957500000)]
  0x0000020962af5010 JavaThread "Incoming local TCP Connector on port 49676" [_thread_in_native, id=53596, stack(0x000000f957500000,0x000000f957600000)]
  0x0000020962b19b60 JavaThread "Daemon periodic checks" [_thread_blocked, id=61184, stack(0x000000f957600000,0x000000f957700000)]
  0x0000020962b75530 JavaThread "Daemon" [_thread_blocked, id=62752, stack(0x000000f957700000,0x000000f957800000)]
  0x0000020962b55750 JavaThread "Handler for socket connection from /127.0.0.1:49676 to /127.0.0.1:49677" [_thread_in_native, id=59124, stack(0x000000f957800000,0x000000f957900000)]
  0x0000020962b54820 JavaThread "Cancel handler" [_thread_blocked, id=62972, stack(0x000000f957900000,0x000000f957a00000)]
  0x0000020962b53e00 JavaThread "Daemon worker" [_thread_blocked, id=59924, stack(0x000000f957a00000,0x000000f957b00000)]
  0x0000020962b52ed0 JavaThread "Asynchronous log dispatcher for DefaultDaemonConnection: socket connection from /127.0.0.1:49676 to /127.0.0.1:49677" [_thread_blocked, id=59724, stack(0x000000f957b00000,0x000000f957c00000)]
  0x0000020962b55240 JavaThread "Stdin handler" [_thread_blocked, id=62300, stack(0x000000f957c00000,0x000000f957d00000)]
  0x0000020962b55c60 JavaThread "Daemon client event forwarder" [_thread_blocked, id=59504, stack(0x000000f957d00000,0x000000f957e00000)]
  0x0000020962b524b0 JavaThread "Cache worker for journal cache (C:\Users\jpten\.gradle\caches\journal-1)" [_thread_blocked, id=49692, stack(0x000000f957e00000,0x000000f957f00000)]
  0x0000020962b54310 JavaThread "File lock request listener" [_thread_in_native, id=62932, stack(0x000000f957f00000,0x000000f958000000)]
  0x0000020962b529c0 JavaThread "Cache worker for file hash cache (C:\Users\jpten\.gradle\caches\9.4.0\fileHashes)" [_thread_blocked, id=55344, stack(0x000000f958000000,0x000000f958100000)]
  0x0000020962b538f0 JavaThread "Cache worker for file hash cache (C:\Users\jpten\OneDrive\Documents\Mobile Game\RoguelitePixelDungeon\.gradle\9.4.0\fileHashes)" [_thread_blocked, id=55372, stack(0x000000f958200000,0x000000f958300000)]
  0x0000020962b54d30 JavaThread "Cache worker for Build Output Cleanup Cache (C:\Users\jpten\OneDrive\Documents\Mobile Game\RoguelitePixelDungeon\.gradle\buildOutputCleanup)" [_thread_blocked, id=59032, stack(0x000000f958300000,0x000000f958400000)]
  0x0000020963717000 JavaThread "Cache worker for file content cache (C:\Users\jpten\.gradle\caches\9.4.0\fileContent)" [_thread_blocked, id=56696, stack(0x000000f958400000,0x000000f958500000)]
  0x0000020963715bc0 JavaThread "Cache worker for checksums cache (C:\Users\jpten\OneDrive\Documents\Mobile Game\RoguelitePixelDungeon\.gradle\9.4.0\checksums)" [_thread_blocked, id=27612, stack(0x000000f958500000,0x000000f958600000)]
  0x0000020963717f30 JavaThread "Cache worker for cache directory md-supplier (C:\Users\jpten\.gradle\caches\9.4.0\md-supplier)" [_thread_blocked, id=46292, stack(0x000000f958600000,0x000000f958700000)]
  0x0000020963717a20 JavaThread "Cache worker for cache directory md-rule (C:\Users\jpten\.gradle\caches\9.4.0\md-rule)" [_thread_blocked, id=62260, stack(0x000000f958700000,0x000000f958800000)]
  0x0000020963719370 JavaThread "jar transforms" [_thread_blocked, id=56248, stack(0x000000f958800000,0x000000f958900000)]
  0x00000209637160d0 JavaThread "jar transforms Thread 2" [_thread_blocked, id=57368, stack(0x000000f958900000,0x000000f958a00000)]
  0x0000020963718950 JavaThread "Build operations" [_thread_blocked, id=59732, stack(0x000000f958a00000,0x000000f958b00000)]
  0x0000020963718e60 JavaThread "Problems report writer" [_thread_blocked, id=56420, stack(0x000000f958b00000,0x000000f958c00000)]
  0x0000020963719d90 JavaThread "Memory manager" [_thread_blocked, id=60872, stack(0x000000f958c00000,0x000000f958d00000)]
  0x000002096371c610 JavaThread "build event listener" [_thread_blocked, id=62676, stack(0x000000f958d00000,0x000000f958e00000)]
  0x0000020963718440 JavaThread "included builds" [_thread_in_Java, id=63616, stack(0x000000f959000000,0x000000f959100000)]
  0x0000020963716af0 JavaThread "Cache worker for execution history cache (C:\Users\jpten\OneDrive\Documents\Mobile Game\RoguelitePixelDungeon\.gradle\9.4.0\executionHistory)" [_thread_blocked, id=62096, stack(0x000000f959100000,0x000000f959200000)]
  0x000002096371c100 JavaThread "Cache worker for Java compile cache (C:\Users\jpten\.gradle\caches\9.4.0\javaCompile)" [_thread_blocked, id=55092, stack(0x000000f959200000,0x000000f959300000)]

Other Threads:
  0x000002094e6e0780 VMThread "VM Thread" [stack: 0x000000f956600000,0x000000f956700000] [id=58112]
  0x000002094eabfb80 WatcherThread [stack: 0x000000f957200000,0x000000f957300000] [id=52536]
  0x0000020931fe7430 GCTaskThread "GC Thread#0" [stack: 0x000000f956100000,0x000000f956200000] [id=59836]
  0x000002094eb15ec0 GCTaskThread "GC Thread#1" [stack: 0x000000f957300000,0x000000f957400000] [id=58984]
  0x0000020931fee290 ConcurrentGCThread "G1 Main Marker" [stack: 0x000000f956200000,0x000000f956300000] [id=61824]
  0x0000020931fef890 ConcurrentGCThread "G1 Conc#0" [stack: 0x000000f956300000,0x000000f956400000] [id=58068]
  0x000002093204edd0 ConcurrentGCThread "G1 Refine#0" [stack: 0x000000f956400000,0x000000f956500000] [id=45552]
  0x0000020961273a70 ConcurrentGCThread "G1 Refine#1" [stack: 0x000000f958100000,0x000000f958200000] [id=52960]
  0x00000209320505c0 ConcurrentGCThread "G1 Service" [stack: 0x000000f956500000,0x000000f956600000] [id=55848]

Threads with active compile tasks:
C2 CompilerThread0  79236 17130       4       com.sun.tools.javac.comp.Resolve$MethodResultInfo::check (95 bytes)

VM state: not at safepoint (normal execution)

VM Mutex/Monitor currently owned by a thread: None

Heap address: 0x00000000d0000000, size: 768 MB, Compressed Oops mode: 32-bit

CDS archive(s) mapped at: [0x000002094f000000-0x000002094fbb0000-0x000002094fbb0000), size 12255232, SharedBaseAddress: 0x000002094f000000, ArchiveRelocationMode: 1.
Compressed class space mapped at: 0x0000020950000000-0x000002095d000000, reserved size: 218103808
Narrow klass base: 0x000002094f000000, Narrow klass shift: 0, Narrow klass range: 0x100000000

GC Precious Log:
 CPUs: 12 total, 2 available
 Memory: 7484M
 Large Page Support: Disabled
 NUMA Support: Disabled
 Compressed Oops: Enabled (32-bit)
 Heap Region Size: 1M
 Heap Min Capacity: 8M
 Heap Initial Capacity: 118M
 Heap Max Capacity: 768M
 Pre-touch: Disabled
 Parallel Workers: 2
 Concurrent Workers: 1
 Concurrent Refinement Workers: 2
 Periodic GC: Disabled

Heap:
 garbage-first heap   total 474112K, used 301972K [0x00000000d0000000, 0x0000000100000000)
  region size 1024K, 129 young (132096K), 3 survivors (3072K)
 Metaspace       used 99444K, committed 100672K, reserved 344064K
  class space    used 13672K, committed 14272K, reserved 212992K

Heap Regions: E=young(eden), S=young(survivor), O=old, HS=humongous(starts), HC=humongous(continues), CS=collection set, F=free, OA=open archive, CA=closed archive, TAMS=top-at-mark-start (previous, next)
|   0|0x00000000d0000000, 0x00000000d0100000, 0x00000000d0100000|100%| O|  |TAMS 0x00000000d0100000, 0x00000000d0000000| Untracked 
|   1|0x00000000d0100000, 0x00000000d0200000, 0x00000000d0200000|100%| O|  |TAMS 0x00000000d0200000, 0x00000000d0100000| Untracked 
|   2|0x00000000d0200000, 0x00000000d0300000, 0x00000000d0300000|100%|HS|  |TAMS 0x00000000d0300000, 0x00000000d0200000| Complete 
|   3|0x00000000d0300000, 0x00000000d0400000, 0x00000000d0400000|100%|HC|  |TAMS 0x00000000d0400000, 0x00000000d0300000| Complete 
|   4|0x00000000d0400000, 0x00000000d0500000, 0x00000000d0500000|100%|HC|  |TAMS 0x00000000d0500000, 0x00000000d0400000| Complete 
|   5|0x00000000d0500000, 0x00000000d0600000, 0x00000000d0600000|100%|HC|  |TAMS 0x00000000d0600000, 0x00000000d0500000| Complete 
|   6|0x00000000d0600000, 0x00000000d0700000, 0x00000000d0700000|100%| O|  |TAMS 0x00000000d0700000, 0x00000000d0600000| Untracked 
|   7|0x00000000d0700000, 0x00000000d0800000, 0x00000000d0800000|100%| O|  |TAMS 0x00000000d0800000, 0x00000000d0700000| Untracked 
|   8|0x00000000d0800000, 0x00000000d0900000, 0x00000000d0900000|100%| O|  |TAMS 0x00000000d0900000, 0x00000000d0800000| Untracked 
|   9|0x00000000d0900000, 0x00000000d0a00000, 0x00000000d0a00000|100%| O|  |TAMS 0x00000000d0a00000, 0x00000000d0900000| Untracked 
|  10|0x00000000d0a00000, 0x00000000d0b00000, 0x00000000d0b00000|100%| O|  |TAMS 0x00000000d0b00000, 0x00000000d0a00000| Untracked 
|  11|0x00000000d0b00000, 0x00000000d0c00000, 0x00000000d0c00000|100%| O|  |TAMS 0x00000000d0c00000, 0x00000000d0b00000| Untracked 
|  12|0x00000000d0c00000, 0x00000000d0d00000, 0x00000000d0d00000|100%|HS|  |TAMS 0x00000000d0d00000, 0x00000000d0c00000| Complete 
|  13|0x00000000d0d00000, 0x00000000d0e00000, 0x00000000d0e00000|100%| O|  |TAMS 0x00000000d0e00000, 0x00000000d0d00000| Untracked 
|  14|0x00000000d0e00000, 0x00000000d0f00000, 0x00000000d0f00000|100%| O|  |TAMS 0x00000000d0f00000, 0x00000000d0e00000| Untracked 
|  15|0x00000000d0f00000, 0x00000000d1000000, 0x00000000d1000000|100%| O|  |TAMS 0x00000000d1000000, 0x00000000d0f00000| Untracked 
|  16|0x00000000d1000000, 0x00000000d1100000, 0x00000000d1100000|100%| O|  |TAMS 0x00000000d1100000, 0x00000000d1000000| Untracked 
|  17|0x00000000d1100000, 0x00000000d1200000, 0x00000000d1200000|100%| O|  |TAMS 0x00000000d1200000, 0x00000000d1100000| Untracked 
|  18|0x00000000d1200000, 0x00000000d1300000, 0x00000000d1300000|100%| O|  |TAMS 0x00000000d1300000, 0x00000000d1200000| Untracked 
|  19|0x00000000d1300000, 0x00000000d1400000, 0x00000000d1400000|100%| O|  |TAMS 0x00000000d1400000, 0x00000000d1300000| Untracked 
|  20|0x00000000d1400000, 0x00000000d1500000, 0x00000000d1500000|100%| O|  |TAMS 0x00000000d1500000, 0x00000000d1400000| Untracked 
|  21|0x00000000d1500000, 0x00000000d1600000, 0x00000000d1600000|100%| O|  |TAMS 0x00000000d1600000, 0x00000000d1500000| Untracked 
|  22|0x00000000d1600000, 0x00000000d1700000, 0x00000000d1700000|100%| O|  |TAMS 0x00000000d1700000, 0x00000000d1600000| Untracked 
|  23|0x00000000d1700000, 0x00000000d1800000, 0x00000000d1800000|100%| O|  |TAMS 0x00000000d1800000, 0x00000000d1700000| Untracked 
|  24|0x00000000d1800000, 0x00000000d1900000, 0x00000000d1900000|100%| O|  |TAMS 0x00000000d1900000, 0x00000000d1800000| Untracked 
|  25|0x00000000d1900000, 0x00000000d1a00000, 0x00000000d1a00000|100%| O|  |TAMS 0x00000000d1a00000, 0x00000000d1900000| Untracked 
|  26|0x00000000d1a00000, 0x00000000d1b00000, 0x00000000d1b00000|100%| O|  |TAMS 0x00000000d1b00000, 0x00000000d1a00000| Untracked 
|  27|0x00000000d1b00000, 0x00000000d1c00000, 0x00000000d1c00000|100%| O|  |TAMS 0x00000000d1c00000, 0x00000000d1b00000| Untracked 
|  28|0x00000000d1c00000, 0x00000000d1d00000, 0x00000000d1d00000|100%| O|  |TAMS 0x00000000d1d00000, 0x00000000d1c00000| Untracked 
|  29|0x00000000d1d00000, 0x00000000d1e00000, 0x00000000d1e00000|100%| O|  |TAMS 0x00000000d1e00000, 0x00000000d1d00000| Untracked 
|  30|0x00000000d1e00000, 0x00000000d1f00000, 0x00000000d1f00000|100%| O|  |TAMS 0x00000000d1f00000, 0x00000000d1e00000| Untracked 
|  31|0x00000000d1f00000, 0x00000000d2000000, 0x00000000d2000000|100%| O|  |TAMS 0x00000000d2000000, 0x00000000d1f00000| Untracked 
|  32|0x00000000d2000000, 0x00000000d2100000, 0x00000000d2100000|100%| O|  |TAMS 0x00000000d2100000, 0x00000000d2000000| Untracked 
|  33|0x00000000d2100000, 0x00000000d2200000, 0x00000000d2200000|100%| O|  |TAMS 0x00000000d2200000, 0x00000000d2100000| Untracked 
|  34|0x00000000d2200000, 0x00000000d2300000, 0x00000000d2300000|100%| O|  |TAMS 0x00000000d2300000, 0x00000000d2200000| Untracked 
|  35|0x00000000d2300000, 0x00000000d2400000, 0x00000000d2400000|100%| O|  |TAMS 0x00000000d2400000, 0x00000000d2300000| Untracked 
|  36|0x00000000d2400000, 0x00000000d2500000, 0x00000000d2500000|100%| O|  |TAMS 0x00000000d2500000, 0x00000000d2400000| Untracked 
|  37|0x00000000d2500000, 0x00000000d2600000, 0x00000000d2600000|100%|HS|  |TAMS 0x00000000d2600000, 0x00000000d2500000| Complete 
|  38|0x00000000d2600000, 0x00000000d2700000, 0x00000000d2700000|100%| O|  |TAMS 0x00000000d2700000, 0x00000000d2600000| Untracked 
|  39|0x00000000d2700000, 0x00000000d2800000, 0x00000000d2800000|100%| O|  |TAMS 0x00000000d2800000, 0x00000000d2700000| Untracked 
|  40|0x00000000d2800000, 0x00000000d2900000, 0x00000000d2900000|100%|HS|  |TAMS 0x00000000d2900000, 0x00000000d2800000| Complete 
|  41|0x00000000d2900000, 0x00000000d2a00000, 0x00000000d2a00000|100%|HS|  |TAMS 0x00000000d2a00000, 0x00000000d2900000| Complete 
|  42|0x00000000d2a00000, 0x00000000d2b00000, 0x00000000d2b00000|100%|HS|  |TAMS 0x00000000d2b00000, 0x00000000d2a00000| Complete 
|  43|0x00000000d2b00000, 0x00000000d2c00000, 0x00000000d2c00000|100%|HC|  |TAMS 0x00000000d2c00000, 0x00000000d2b00000| Complete 
|  44|0x00000000d2c00000, 0x00000000d2d00000, 0x00000000d2d00000|100%| O|  |TAMS 0x00000000d2d00000, 0x00000000d2c00000| Untracked 
|  45|0x00000000d2d00000, 0x00000000d2e00000, 0x00000000d2e00000|100%|HS|  |TAMS 0x00000000d2e00000, 0x00000000d2d00000| Complete 
|  46|0x00000000d2e00000, 0x00000000d2f00000, 0x00000000d2f00000|100%| O|  |TAMS 0x00000000d2f00000, 0x00000000d2e00000| Untracked 
|  47|0x00000000d2f00000, 0x00000000d3000000, 0x00000000d3000000|100%| O|  |TAMS 0x00000000d3000000, 0x00000000d2f00000| Untracked 
|  48|0x00000000d3000000, 0x00000000d3100000, 0x00000000d3100000|100%| O|  |TAMS 0x00000000d3100000, 0x00000000d3000000| Untracked 
|  49|0x00000000d3100000, 0x00000000d3200000, 0x00000000d3200000|100%| O|  |TAMS 0x00000000d3200000, 0x00000000d3100000| Untracked 
|  50|0x00000000d3200000, 0x00000000d3300000, 0x00000000d3300000|100%| O|  |TAMS 0x00000000d3300000, 0x00000000d3200000| Untracked 
|  51|0x00000000d3300000, 0x00000000d3400000, 0x00000000d3400000|100%| O|  |TAMS 0x00000000d3400000, 0x00000000d3300000| Untracked 
|  52|0x00000000d3400000, 0x00000000d3500000, 0x00000000d3500000|100%|HS|  |TAMS 0x00000000d3500000, 0x00000000d3400000| Complete 
|  53|0x00000000d3500000, 0x00000000d3600000, 0x00000000d3600000|100%|HS|  |TAMS 0x00000000d3600000, 0x00000000d3500000| Complete 
|  54|0x00000000d3600000, 0x00000000d3700000, 0x00000000d3700000|100%| O|  |TAMS 0x00000000d3700000, 0x00000000d3600000| Untracked 
|  55|0x00000000d3700000, 0x00000000d3800000, 0x00000000d3800000|100%| O|  |TAMS 0x00000000d3800000, 0x00000000d3700000| Untracked 
|  56|0x00000000d3800000, 0x00000000d3900000, 0x00000000d3900000|100%| O|  |TAMS 0x00000000d3900000, 0x00000000d3800000| Untracked 
|  57|0x00000000d3900000, 0x00000000d3a00000, 0x00000000d3a00000|100%|HS|  |TAMS 0x00000000d3a00000, 0x00000000d3900000| Complete 
|  58|0x00000000d3a00000, 0x00000000d3b00000, 0x00000000d3b00000|100%|HC|  |TAMS 0x00000000d3b00000, 0x00000000d3a00000| Complete 
|  59|0x00000000d3b00000, 0x00000000d3c00000, 0x00000000d3c00000|100%| O|  |TAMS 0x00000000d3c00000, 0x00000000d3b00000| Untracked 
|  60|0x00000000d3c00000, 0x00000000d3d00000, 0x00000000d3d00000|100%| O|  |TAMS 0x00000000d3d00000, 0x00000000d3c00000| Untracked 
|  61|0x00000000d3d00000, 0x00000000d3e00000, 0x00000000d3e00000|100%| O|  |TAMS 0x00000000d3e00000, 0x00000000d3d00000| Untracked 
|  62|0x00000000d3e00000, 0x00000000d3f00000, 0x00000000d3f00000|100%| O|  |TAMS 0x00000000d3f00000, 0x00000000d3e00000| Untracked 
|  63|0x00000000d3f00000, 0x00000000d4000000, 0x00000000d4000000|100%| O|  |TAMS 0x00000000d4000000, 0x00000000d3f00000| Untracked 
|  64|0x00000000d4000000, 0x00000000d4100000, 0x00000000d4100000|100%| O|  |TAMS 0x00000000d4100000, 0x00000000d4000000| Untracked 
|  65|0x00000000d4100000, 0x00000000d4200000, 0x00000000d4200000|100%| O|  |TAMS 0x00000000d4200000, 0x00000000d4100000| Untracked 
|  66|0x00000000d4200000, 0x00000000d4300000, 0x00000000d4300000|100%| O|  |TAMS 0x00000000d4300000, 0x00000000d4200000| Untracked 
|  67|0x00000000d4300000, 0x00000000d4400000, 0x00000000d4400000|100%|HS|  |TAMS 0x00000000d4400000, 0x00000000d4300000| Complete 
|  68|0x00000000d4400000, 0x00000000d4500000, 0x00000000d4500000|100%| O|  |TAMS 0x00000000d4500000, 0x00000000d4400000| Untracked 
|  69|0x00000000d4500000, 0x00000000d4600000, 0x00000000d4600000|100%|HS|  |TAMS 0x00000000d4600000, 0x00000000d4500000| Complete 
|  70|0x00000000d4600000, 0x00000000d4700000, 0x00000000d4700000|100%| O|  |TAMS 0x00000000d4700000, 0x00000000d4600000| Untracked 
|  71|0x00000000d4700000, 0x00000000d4800000, 0x00000000d4800000|100%| O|  |TAMS 0x00000000d4800000, 0x00000000d4700000| Untracked 
|  72|0x00000000d4800000, 0x00000000d4900000, 0x00000000d4900000|100%| O|  |TAMS 0x00000000d4900000, 0x00000000d4800000| Untracked 
|  73|0x00000000d4900000, 0x00000000d4a00000, 0x00000000d4a00000|100%| O|  |TAMS 0x00000000d4a00000, 0x00000000d4900000| Untracked 
|  74|0x00000000d4a00000, 0x00000000d4b00000, 0x00000000d4b00000|100%| O|  |TAMS 0x00000000d4b00000, 0x00000000d4a00000| Untracked 
|  75|0x00000000d4b00000, 0x00000000d4c00000, 0x00000000d4c00000|100%| O|  |TAMS 0x00000000d4c00000, 0x00000000d4b00000| Untracked 
|  76|0x00000000d4c00000, 0x00000000d4d00000, 0x00000000d4d00000|100%| O|  |TAMS 0x00000000d4d00000, 0x00000000d4c00000| Untracked 
|  77|0x00000000d4d00000, 0x00000000d4e00000, 0x00000000d4e00000|100%| O|  |TAMS 0x00000000d4e00000, 0x00000000d4d00000| Untracked 
|  78|0x00000000d4e00000, 0x00000000d4f00000, 0x00000000d4f00000|100%| O|  |TAMS 0x00000000d4f00000, 0x00000000d4e00000| Untracked 
|  79|0x00000000d4f00000, 0x00000000d5000000, 0x00000000d5000000|100%| O|  |TAMS 0x00000000d5000000, 0x00000000d4f00000| Untracked 
|  80|0x00000000d5000000, 0x00000000d5100000, 0x00000000d5100000|100%| O|  |TAMS 0x00000000d5100000, 0x00000000d5000000| Untracked 
|  81|0x00000000d5100000, 0x00000000d5200000, 0x00000000d5200000|100%| O|  |TAMS 0x00000000d5200000, 0x00000000d5100000| Untracked 
|  82|0x00000000d5200000, 0x00000000d5300000, 0x00000000d5300000|100%| O|  |TAMS 0x00000000d5300000, 0x00000000d5200000| Untracked 
|  83|0x00000000d5300000, 0x00000000d5400000, 0x00000000d5400000|100%| O|  |TAMS 0x00000000d5400000, 0x00000000d5300000| Untracked 
|  84|0x00000000d5400000, 0x00000000d5500000, 0x00000000d5500000|100%| O|  |TAMS 0x00000000d5500000, 0x00000000d5400000| Untracked 
|  85|0x00000000d5500000, 0x00000000d5600000, 0x00000000d5600000|100%| O|  |TAMS 0x00000000d5600000, 0x00000000d5500000| Untracked 
|  86|0x00000000d5600000, 0x00000000d5700000, 0x00000000d5700000|100%| O|  |TAMS 0x00000000d5700000, 0x00000000d5600000| Untracked 
|  87|0x00000000d5700000, 0x00000000d5800000, 0x00000000d5800000|100%| O|  |TAMS 0x00000000d5800000, 0x00000000d5700000| Untracked 
|  88|0x00000000d5800000, 0x00000000d5900000, 0x00000000d5900000|100%| O|  |TAMS 0x00000000d5900000, 0x00000000d5800000| Untracked 
|  89|0x00000000d5900000, 0x00000000d5a00000, 0x00000000d5a00000|100%| O|  |TAMS 0x00000000d5a00000, 0x00000000d5900000| Untracked 
|  90|0x00000000d5a00000, 0x00000000d5b00000, 0x00000000d5b00000|100%| O|  |TAMS 0x00000000d5b00000, 0x00000000d5a00000| Untracked 
|  91|0x00000000d5b00000, 0x00000000d5c00000, 0x00000000d5c00000|100%|HS|  |TAMS 0x00000000d5c00000, 0x00000000d5b00000| Complete 
|  92|0x00000000d5c00000, 0x00000000d5d00000, 0x00000000d5d00000|100%| O|  |TAMS 0x00000000d5d00000, 0x00000000d5c00000| Untracked 
|  93|0x00000000d5d00000, 0x00000000d5e00000, 0x00000000d5e00000|100%| O|  |TAMS 0x00000000d5e00000, 0x00000000d5d00000| Untracked 
|  94|0x00000000d5e00000, 0x00000000d5f00000, 0x00000000d5f00000|100%| O|  |TAMS 0x00000000d5f00000, 0x00000000d5e00000| Untracked 
|  95|0x00000000d5f00000, 0x00000000d6000000, 0x00000000d6000000|100%| O|  |TAMS 0x00000000d6000000, 0x00000000d5f00000| Untracked 
|  96|0x00000000d6000000, 0x00000000d6100000, 0x00000000d6100000|100%| O|  |TAMS 0x00000000d6100000, 0x00000000d6000000| Untracked 
|  97|0x00000000d6100000, 0x00000000d6200000, 0x00000000d6200000|100%| O|  |TAMS 0x00000000d6200000, 0x00000000d6100000| Untracked 
|  98|0x00000000d6200000, 0x00000000d6300000, 0x00000000d6300000|100%| O|  |TAMS 0x00000000d6300000, 0x00000000d6200000| Untracked 
|  99|0x00000000d6300000, 0x00000000d6400000, 0x00000000d6400000|100%| O|  |TAMS 0x00000000d6400000, 0x00000000d6300000| Untracked 
| 100|0x00000000d6400000, 0x00000000d6500000, 0x00000000d6500000|100%| O|  |TAMS 0x00000000d6500000, 0x00000000d6400000| Untracked 
| 101|0x00000000d6500000, 0x00000000d6600000, 0x00000000d6600000|100%| O|  |TAMS 0x00000000d6600000, 0x00000000d6500000| Untracked 
| 102|0x00000000d6600000, 0x00000000d6700000, 0x00000000d6700000|100%| O|  |TAMS 0x00000000d6700000, 0x00000000d6600000| Untracked 
| 103|0x00000000d6700000, 0x00000000d6800000, 0x00000000d6800000|100%| O|  |TAMS 0x00000000d6800000, 0x00000000d6700000| Untracked 
| 104|0x00000000d6800000, 0x00000000d6900000, 0x00000000d6900000|100%| O|  |TAMS 0x00000000d6900000, 0x00000000d6800000| Untracked 
| 105|0x00000000d6900000, 0x00000000d6a00000, 0x00000000d6a00000|100%| O|  |TAMS 0x00000000d6a00000, 0x00000000d6900000| Untracked 
| 106|0x00000000d6a00000, 0x00000000d6b00000, 0x00000000d6b00000|100%| O|  |TAMS 0x00000000d6b00000, 0x00000000d6a00000| Untracked 
| 107|0x00000000d6b00000, 0x00000000d6c00000, 0x00000000d6c00000|100%| O|  |TAMS 0x00000000d6c00000, 0x00000000d6b00000| Untracked 
| 108|0x00000000d6c00000, 0x00000000d6d00000, 0x00000000d6d00000|100%| O|  |TAMS 0x00000000d6d00000, 0x00000000d6c00000| Untracked 
| 109|0x00000000d6d00000, 0x00000000d6e00000, 0x00000000d6e00000|100%| O|  |TAMS 0x00000000d6e00000, 0x00000000d6d00000| Untracked 
| 110|0x00000000d6e00000, 0x00000000d6f00000, 0x00000000d6f00000|100%| O|  |TAMS 0x00000000d6f00000, 0x00000000d6e00000| Untracked 
| 111|0x00000000d6f00000, 0x00000000d7000000, 0x00000000d7000000|100%| O|  |TAMS 0x00000000d7000000, 0x00000000d6f00000| Untracked 
| 112|0x00000000d7000000, 0x00000000d7100000, 0x00000000d7100000|100%| O|  |TAMS 0x00000000d7100000, 0x00000000d7000000| Untracked 
| 113|0x00000000d7100000, 0x00000000d7200000, 0x00000000d7200000|100%| O|  |TAMS 0x00000000d7200000, 0x00000000d7100000| Untracked 
| 114|0x00000000d7200000, 0x00000000d7300000, 0x00000000d7300000|100%| O|  |TAMS 0x00000000d7300000, 0x00000000d7200000| Untracked 
| 115|0x00000000d7300000, 0x00000000d7400000, 0x00000000d7400000|100%| O|  |TAMS 0x00000000d7400000, 0x00000000d7300000| Untracked 
| 116|0x00000000d7400000, 0x00000000d7500000, 0x00000000d7500000|100%| O|  |TAMS 0x00000000d7500000, 0x00000000d7400000| Untracked 
| 117|0x00000000d7500000, 0x00000000d7600000, 0x00000000d7600000|100%| O|  |TAMS 0x00000000d7600000, 0x00000000d7500000| Untracked 
| 118|0x00000000d7600000, 0x00000000d7700000, 0x00000000d7700000|100%| O|  |TAMS 0x00000000d7700000, 0x00000000d7600000| Untracked 
| 119|0x00000000d7700000, 0x00000000d7800000, 0x00000000d7800000|100%| O|  |TAMS 0x00000000d7800000, 0x00000000d7700000| Untracked 
| 120|0x00000000d7800000, 0x00000000d7900000, 0x00000000d7900000|100%| O|  |TAMS 0x00000000d7900000, 0x00000000d7800000| Untracked 
| 121|0x00000000d7900000, 0x00000000d7a00000, 0x00000000d7a00000|100%| O|  |TAMS 0x00000000d7a00000, 0x00000000d7900000| Untracked 
| 122|0x00000000d7a00000, 0x00000000d7b00000, 0x00000000d7b00000|100%| O|  |TAMS 0x00000000d7b00000, 0x00000000d7a00000| Untracked 
| 123|0x00000000d7b00000, 0x00000000d7c00000, 0x00000000d7c00000|100%| O|  |TAMS 0x00000000d7c00000, 0x00000000d7b00000| Untracked 
| 124|0x00000000d7c00000, 0x00000000d7d00000, 0x00000000d7d00000|100%| O|  |TAMS 0x00000000d7d00000, 0x00000000d7c00000| Untracked 
| 125|0x00000000d7d00000, 0x00000000d7e00000, 0x00000000d7e00000|100%| O|  |TAMS 0x00000000d7e00000, 0x00000000d7d00000| Untracked 
| 126|0x00000000d7e00000, 0x00000000d7f00000, 0x00000000d7f00000|100%| O|  |TAMS 0x00000000d7f00000, 0x00000000d7e00000| Untracked 
| 127|0x00000000d7f00000, 0x00000000d8000000, 0x00000000d8000000|100%| O|  |TAMS 0x00000000d8000000, 0x00000000d7f00000| Untracked 
| 128|0x00000000d8000000, 0x00000000d8100000, 0x00000000d8100000|100%| O|  |TAMS 0x00000000d8100000, 0x00000000d8000000| Untracked 
| 129|0x00000000d8100000, 0x00000000d8200000, 0x00000000d8200000|100%| O|  |TAMS 0x00000000d8200000, 0x00000000d8100000| Untracked 
| 130|0x00000000d8200000, 0x00000000d8300000, 0x00000000d8300000|100%| O|  |TAMS 0x00000000d8300000, 0x00000000d8200000| Untracked 
| 131|0x00000000d8300000, 0x00000000d8400000, 0x00000000d8400000|100%| O|  |TAMS 0x00000000d8400000, 0x00000000d8300000| Untracked 
| 132|0x00000000d8400000, 0x00000000d8500000, 0x00000000d8500000|100%| O|  |TAMS 0x00000000d8500000, 0x00000000d8400000| Untracked 
| 133|0x00000000d8500000, 0x00000000d8600000, 0x00000000d8600000|100%| O|  |TAMS 0x00000000d8600000, 0x00000000d8500000| Untracked 
| 134|0x00000000d8600000, 0x00000000d8700000, 0x00000000d8700000|100%| O|  |TAMS 0x00000000d8700000, 0x00000000d8600000| Untracked 
| 135|0x00000000d8700000, 0x00000000d8800000, 0x00000000d8800000|100%| O|  |TAMS 0x00000000d8800000, 0x00000000d8700000| Untracked 
| 136|0x00000000d8800000, 0x00000000d8900000, 0x00000000d8900000|100%| O|  |TAMS 0x00000000d8900000, 0x00000000d8800000| Untracked 
| 137|0x00000000d8900000, 0x00000000d8a00000, 0x00000000d8a00000|100%| O|  |TAMS 0x00000000d8a00000, 0x00000000d8900000| Untracked 
| 138|0x00000000d8a00000, 0x00000000d8b00000, 0x00000000d8b00000|100%| O|  |TAMS 0x00000000d8b00000, 0x00000000d8a00000| Untracked 
| 139|0x00000000d8b00000, 0x00000000d8c00000, 0x00000000d8c00000|100%| O|  |TAMS 0x00000000d8c00000, 0x00000000d8b00000| Untracked 
| 140|0x00000000d8c00000, 0x00000000d8d00000, 0x00000000d8d00000|100%| O|  |TAMS 0x00000000d8d00000, 0x00000000d8c00000| Untracked 
| 141|0x00000000d8d00000, 0x00000000d8e00000, 0x00000000d8e00000|100%| O|  |TAMS 0x00000000d8e00000, 0x00000000d8d00000| Untracked 
| 142|0x00000000d8e00000, 0x00000000d8f00000, 0x00000000d8f00000|100%| O|  |TAMS 0x00000000d8f00000, 0x00000000d8e00000| Untracked 
| 143|0x00000000d8f00000, 0x00000000d9000000, 0x00000000d9000000|100%| O|  |TAMS 0x00000000d9000000, 0x00000000d8f00000| Untracked 
| 144|0x00000000d9000000, 0x00000000d9100000, 0x00000000d9100000|100%| O|  |TAMS 0x00000000d9100000, 0x00000000d9000000| Untracked 
| 145|0x00000000d9100000, 0x00000000d9200000, 0x00000000d9200000|100%| O|  |TAMS 0x00000000d9200000, 0x00000000d9100000| Untracked 
| 146|0x00000000d9200000, 0x00000000d9300000, 0x00000000d9300000|100%| O|  |TAMS 0x00000000d9300000, 0x00000000d9200000| Untracked 
| 147|0x00000000d9300000, 0x00000000d9400000, 0x00000000d9400000|100%| O|  |TAMS 0x00000000d9400000, 0x00000000d9300000| Untracked 
| 148|0x00000000d9400000, 0x00000000d9500000, 0x00000000d9500000|100%| O|  |TAMS 0x00000000d9500000, 0x00000000d9400000| Untracked 
| 149|0x00000000d9500000, 0x00000000d9600000, 0x00000000d9600000|100%| O|  |TAMS 0x00000000d9600000, 0x00000000d9500000| Untracked 
| 150|0x00000000d9600000, 0x00000000d9700000, 0x00000000d9700000|100%| O|  |TAMS 0x00000000d9700000, 0x00000000d9600000| Untracked 
| 151|0x00000000d9700000, 0x00000000d9800000, 0x00000000d9800000|100%| O|  |TAMS 0x00000000d9800000, 0x00000000d9700000| Untracked 
| 152|0x00000000d9800000, 0x00000000d9900000, 0x00000000d9900000|100%| O|  |TAMS 0x00000000d9900000, 0x00000000d9800000| Untracked 
| 153|0x00000000d9900000, 0x00000000d9a00000, 0x00000000d9a00000|100%| O|  |TAMS 0x00000000d9a00000, 0x00000000d9900000| Untracked 
| 154|0x00000000d9a00000, 0x00000000d9b00000, 0x00000000d9b00000|100%| O|  |TAMS 0x00000000d9b00000, 0x00000000d9a00000| Complete 
| 155|0x00000000d9b00000, 0x00000000d9c00000, 0x00000000d9c00000|100%| O|  |TAMS 0x00000000d9c00000, 0x00000000d9b00000| Untracked 
| 156|0x00000000d9c00000, 0x00000000d9d00000, 0x00000000d9d00000|100%| O|  |TAMS 0x00000000d9d00000, 0x00000000d9c00000| Complete 
| 157|0x00000000d9d00000, 0x00000000d9e00000, 0x00000000d9e00000|100%| O|  |TAMS 0x00000000d9e00000, 0x00000000d9d00000| Untracked 
| 158|0x00000000d9e00000, 0x00000000d9f00000, 0x00000000d9f00000|100%| O|  |TAMS 0x00000000d9f00000, 0x00000000d9e00000| Untracked 
| 159|0x00000000d9f00000, 0x00000000da000000, 0x00000000da000000|100%| O|  |TAMS 0x00000000da000000, 0x00000000d9f00000| Untracked 
| 160|0x00000000da000000, 0x00000000da100000, 0x00000000da100000|100%| O|  |TAMS 0x00000000da100000, 0x00000000da000000| Untracked 
| 161|0x00000000da100000, 0x00000000da200000, 0x00000000da200000|100%| O|  |TAMS 0x00000000da200000, 0x00000000da100000| Untracked 
| 162|0x00000000da200000, 0x00000000da200000, 0x00000000da300000|  0%| F|  |TAMS 0x00000000da200000, 0x00000000da200000| Untracked 
| 163|0x00000000da300000, 0x00000000da400000, 0x00000000da400000|100%| O|  |TAMS 0x00000000da400000, 0x00000000da300000| Untracked 
| 164|0x00000000da400000, 0x00000000da500000, 0x00000000da500000|100%| O|  |TAMS 0x00000000da500000, 0x00000000da400000| Untracked 
| 165|0x00000000da500000, 0x00000000da500000, 0x00000000da600000|  0%| F|  |TAMS 0x00000000da500000, 0x00000000da500000| Untracked 
| 166|0x00000000da600000, 0x00000000da700000, 0x00000000da700000|100%| O|  |TAMS 0x00000000da700000, 0x00000000da600000| Untracked 
| 167|0x00000000da700000, 0x00000000da800000, 0x00000000da800000|100%| O|  |TAMS 0x00000000da800000, 0x00000000da700000| Untracked 
| 168|0x00000000da800000, 0x00000000da900000, 0x00000000da900000|100%| O|  |TAMS 0x00000000da900000, 0x00000000da800000| Untracked 
| 169|0x00000000da900000, 0x00000000da9cbc00, 0x00000000daa00000| 79%| O|  |TAMS 0x00000000da9cbc00, 0x00000000da900000| Untracked 
| 170|0x00000000daa00000, 0x00000000daa00000, 0x00000000dab00000|  0%| F|  |TAMS 0x00000000daa00000, 0x00000000daa00000| Untracked 
| 171|0x00000000dab00000, 0x00000000dab00000, 0x00000000dac00000|  0%| F|  |TAMS 0x00000000dab00000, 0x00000000dab00000| Untracked 
| 172|0x00000000dac00000, 0x00000000dac00000, 0x00000000dad00000|  0%| F|  |TAMS 0x00000000dac00000, 0x00000000dac00000| Untracked 
| 173|0x00000000dad00000, 0x00000000dad00000, 0x00000000dae00000|  0%| F|  |TAMS 0x00000000dad00000, 0x00000000dad00000| Untracked 
| 174|0x00000000dae00000, 0x00000000dae00000, 0x00000000daf00000|  0%| F|  |TAMS 0x00000000dae00000, 0x00000000dae00000| Untracked 
| 175|0x00000000daf00000, 0x00000000daf00000, 0x00000000db000000|  0%| F|  |TAMS 0x00000000daf00000, 0x00000000daf00000| Untracked 
| 176|0x00000000db000000, 0x00000000db000000, 0x00000000db100000|  0%| F|  |TAMS 0x00000000db000000, 0x00000000db000000| Untracked 
| 177|0x00000000db100000, 0x00000000db100000, 0x00000000db200000|  0%| F|  |TAMS 0x00000000db100000, 0x00000000db100000| Untracked 
| 178|0x00000000db200000, 0x00000000db200000, 0x00000000db300000|  0%| F|  |TAMS 0x00000000db200000, 0x00000000db200000| Untracked 
| 179|0x00000000db300000, 0x00000000db300000, 0x00000000db400000|  0%| F|  |TAMS 0x00000000db300000, 0x00000000db300000| Untracked 
| 180|0x00000000db400000, 0x00000000db400000, 0x00000000db500000|  0%| F|  |TAMS 0x00000000db400000, 0x00000000db400000| Untracked 
| 181|0x00000000db500000, 0x00000000db500000, 0x00000000db600000|  0%| F|  |TAMS 0x00000000db500000, 0x00000000db500000| Untracked 
| 182|0x00000000db600000, 0x00000000db600000, 0x00000000db700000|  0%| F|  |TAMS 0x00000000db600000, 0x00000000db600000| Untracked 
| 183|0x00000000db700000, 0x00000000db700000, 0x00000000db800000|  0%| F|  |TAMS 0x00000000db700000, 0x00000000db700000| Untracked 
| 184|0x00000000db800000, 0x00000000db800000, 0x00000000db900000|  0%| F|  |TAMS 0x00000000db800000, 0x00000000db800000| Untracked 
| 185|0x00000000db900000, 0x00000000db900000, 0x00000000dba00000|  0%| F|  |TAMS 0x00000000db900000, 0x00000000db900000| Untracked 
| 186|0x00000000dba00000, 0x00000000dba00000, 0x00000000dbb00000|  0%| F|  |TAMS 0x00000000dba00000, 0x00000000dba00000| Untracked 
| 187|0x00000000dbb00000, 0x00000000dbb00000, 0x00000000dbc00000|  0%| F|  |TAMS 0x00000000dbb00000, 0x00000000dbb00000| Untracked 
| 188|0x00000000dbc00000, 0x00000000dbc00000, 0x00000000dbd00000|  0%| F|  |TAMS 0x00000000dbc00000, 0x00000000dbc00000| Untracked 
| 189|0x00000000dbd00000, 0x00000000dbd00000, 0x00000000dbe00000|  0%| F|  |TAMS 0x00000000dbd00000, 0x00000000dbd00000| Untracked 
| 190|0x00000000dbe00000, 0x00000000dbe00000, 0x00000000dbf00000|  0%| F|  |TAMS 0x00000000dbe00000, 0x00000000dbe00000| Untracked 
| 191|0x00000000dbf00000, 0x00000000dbf00000, 0x00000000dc000000|  0%| F|  |TAMS 0x00000000dbf00000, 0x00000000dbf00000| Untracked 
| 192|0x00000000dc000000, 0x00000000dc000000, 0x00000000dc100000|  0%| F|  |TAMS 0x00000000dc000000, 0x00000000dc000000| Untracked 
| 193|0x00000000dc100000, 0x00000000dc100000, 0x00000000dc200000|  0%| F|  |TAMS 0x00000000dc100000, 0x00000000dc100000| Untracked 
| 194|0x00000000dc200000, 0x00000000dc200000, 0x00000000dc300000|  0%| F|  |TAMS 0x00000000dc200000, 0x00000000dc200000| Untracked 
| 195|0x00000000dc300000, 0x00000000dc300000, 0x00000000dc400000|  0%| F|  |TAMS 0x00000000dc300000, 0x00000000dc300000| Untracked 
| 196|0x00000000dc400000, 0x00000000dc400000, 0x00000000dc500000|  0%| F|  |TAMS 0x00000000dc400000, 0x00000000dc400000| Untracked 
| 197|0x00000000dc500000, 0x00000000dc500000, 0x00000000dc600000|  0%| F|  |TAMS 0x00000000dc500000, 0x00000000dc500000| Untracked 
| 198|0x00000000dc600000, 0x00000000dc600000, 0x00000000dc700000|  0%| F|  |TAMS 0x00000000dc600000, 0x00000000dc600000| Untracked 
| 199|0x00000000dc700000, 0x00000000dc700000, 0x00000000dc800000|  0%| F|  |TAMS 0x00000000dc700000, 0x00000000dc700000| Untracked 
| 200|0x00000000dc800000, 0x00000000dc800000, 0x00000000dc900000|  0%| F|  |TAMS 0x00000000dc800000, 0x00000000dc800000| Untracked 
| 201|0x00000000dc900000, 0x00000000dc900000, 0x00000000dca00000|  0%| F|  |TAMS 0x00000000dc900000, 0x00000000dc900000| Untracked 
| 202|0x00000000dca00000, 0x00000000dca00000, 0x00000000dcb00000|  0%| F|  |TAMS 0x00000000dca00000, 0x00000000dca00000| Untracked 
| 203|0x00000000dcb00000, 0x00000000dcb00000, 0x00000000dcc00000|  0%| F|  |TAMS 0x00000000dcb00000, 0x00000000dcb00000| Untracked 
| 204|0x00000000dcc00000, 0x00000000dcc00000, 0x00000000dcd00000|  0%| F|  |TAMS 0x00000000dcc00000, 0x00000000dcc00000| Untracked 
| 205|0x00000000dcd00000, 0x00000000dcd00000, 0x00000000dce00000|  0%| F|  |TAMS 0x00000000dcd00000, 0x00000000dcd00000| Untracked 
| 206|0x00000000dce00000, 0x00000000dce00000, 0x00000000dcf00000|  0%| F|  |TAMS 0x00000000dce00000, 0x00000000dce00000| Untracked 
| 207|0x00000000dcf00000, 0x00000000dcf00000, 0x00000000dd000000|  0%| F|  |TAMS 0x00000000dcf00000, 0x00000000dcf00000| Untracked 
| 208|0x00000000dd000000, 0x00000000dd000000, 0x00000000dd100000|  0%| F|  |TAMS 0x00000000dd000000, 0x00000000dd000000| Untracked 
| 209|0x00000000dd100000, 0x00000000dd100000, 0x00000000dd200000|  0%| F|  |TAMS 0x00000000dd100000, 0x00000000dd100000| Untracked 
| 210|0x00000000dd200000, 0x00000000dd200000, 0x00000000dd300000|  0%| F|  |TAMS 0x00000000dd200000, 0x00000000dd200000| Untracked 
| 211|0x00000000dd300000, 0x00000000dd300000, 0x00000000dd400000|  0%| F|  |TAMS 0x00000000dd300000, 0x00000000dd300000| Untracked 
| 212|0x00000000dd400000, 0x00000000dd400000, 0x00000000dd500000|  0%| F|  |TAMS 0x00000000dd400000, 0x00000000dd400000| Untracked 
| 213|0x00000000dd500000, 0x00000000dd500000, 0x00000000dd600000|  0%| F|  |TAMS 0x00000000dd500000, 0x00000000dd500000| Untracked 
| 214|0x00000000dd600000, 0x00000000dd600000, 0x00000000dd700000|  0%| F|  |TAMS 0x00000000dd600000, 0x00000000dd600000| Untracked 
| 215|0x00000000dd700000, 0x00000000dd700000, 0x00000000dd800000|  0%| F|  |TAMS 0x00000000dd700000, 0x00000000dd700000| Untracked 
| 216|0x00000000dd800000, 0x00000000dd800000, 0x00000000dd900000|  0%| F|  |TAMS 0x00000000dd800000, 0x00000000dd800000| Untracked 
| 217|0x00000000dd900000, 0x00000000dd900000, 0x00000000dda00000|  0%| F|  |TAMS 0x00000000dd900000, 0x00000000dd900000| Untracked 
| 218|0x00000000dda00000, 0x00000000dda19440, 0x00000000ddb00000|  9%| S|CS|TAMS 0x00000000dda00000, 0x00000000dda00000| Complete 
| 219|0x00000000ddb00000, 0x00000000ddc00000, 0x00000000ddc00000|100%| S|CS|TAMS 0x00000000ddb00000, 0x00000000ddb00000| Complete 
| 220|0x00000000ddc00000, 0x00000000ddd00000, 0x00000000ddd00000|100%| S|CS|TAMS 0x00000000ddc00000, 0x00000000ddc00000| Complete 
| 221|0x00000000ddd00000, 0x00000000ddd00000, 0x00000000dde00000|  0%| F|  |TAMS 0x00000000ddd00000, 0x00000000ddd00000| Untracked 
| 222|0x00000000dde00000, 0x00000000dde00000, 0x00000000ddf00000|  0%| F|  |TAMS 0x00000000dde00000, 0x00000000dde00000| Untracked 
| 223|0x00000000ddf00000, 0x00000000ddf00000, 0x00000000de000000|  0%| F|  |TAMS 0x00000000ddf00000, 0x00000000ddf00000| Untracked 
| 224|0x00000000de000000, 0x00000000de000000, 0x00000000de100000|  0%| F|  |TAMS 0x00000000de000000, 0x00000000de000000| Untracked 
| 225|0x00000000de100000, 0x00000000de100000, 0x00000000de200000|  0%| F|  |TAMS 0x00000000de100000, 0x00000000de100000| Untracked 
| 226|0x00000000de200000, 0x00000000de200000, 0x00000000de300000|  0%| F|  |TAMS 0x00000000de200000, 0x00000000de200000| Untracked 
| 227|0x00000000de300000, 0x00000000de300000, 0x00000000de400000|  0%| F|  |TAMS 0x00000000de300000, 0x00000000de300000| Untracked 
| 228|0x00000000de400000, 0x00000000de400000, 0x00000000de500000|  0%| F|  |TAMS 0x00000000de400000, 0x00000000de400000| Untracked 
| 229|0x00000000de500000, 0x00000000de500000, 0x00000000de600000|  0%| F|  |TAMS 0x00000000de500000, 0x00000000de500000| Untracked 
| 230|0x00000000de600000, 0x00000000de600000, 0x00000000de700000|  0%| F|  |TAMS 0x00000000de600000, 0x00000000de600000| Untracked 
| 231|0x00000000de700000, 0x00000000de700000, 0x00000000de800000|  0%| F|  |TAMS 0x00000000de700000, 0x00000000de700000| Untracked 
| 232|0x00000000de800000, 0x00000000de800000, 0x00000000de900000|  0%| F|  |TAMS 0x00000000de800000, 0x00000000de800000| Untracked 
| 233|0x00000000de900000, 0x00000000de900000, 0x00000000dea00000|  0%| F|  |TAMS 0x00000000de900000, 0x00000000de900000| Untracked 
| 234|0x00000000dea00000, 0x00000000dea00000, 0x00000000deb00000|  0%| F|  |TAMS 0x00000000dea00000, 0x00000000dea00000| Untracked 
| 235|0x00000000deb00000, 0x00000000deb00000, 0x00000000dec00000|  0%| F|  |TAMS 0x00000000deb00000, 0x00000000deb00000| Untracked 
| 236|0x00000000dec00000, 0x00000000dec00000, 0x00000000ded00000|  0%| F|  |TAMS 0x00000000dec00000, 0x00000000dec00000| Untracked 
| 237|0x00000000ded00000, 0x00000000ded00000, 0x00000000dee00000|  0%| F|  |TAMS 0x00000000ded00000, 0x00000000ded00000| Untracked 
| 238|0x00000000dee00000, 0x00000000dee00000, 0x00000000def00000|  0%| F|  |TAMS 0x00000000dee00000, 0x00000000dee00000| Untracked 
| 239|0x00000000def00000, 0x00000000def00000, 0x00000000df000000|  0%| F|  |TAMS 0x00000000def00000, 0x00000000def00000| Untracked 
| 240|0x00000000df000000, 0x00000000df000000, 0x00000000df100000|  0%| F|  |TAMS 0x00000000df000000, 0x00000000df000000| Untracked 
| 241|0x00000000df100000, 0x00000000df100000, 0x00000000df200000|  0%| F|  |TAMS 0x00000000df100000, 0x00000000df100000| Untracked 
| 242|0x00000000df200000, 0x00000000df200000, 0x00000000df300000|  0%| F|  |TAMS 0x00000000df200000, 0x00000000df200000| Untracked 
| 243|0x00000000df300000, 0x00000000df300000, 0x00000000df400000|  0%| F|  |TAMS 0x00000000df300000, 0x00000000df300000| Untracked 
| 244|0x00000000df400000, 0x00000000df400000, 0x00000000df500000|  0%| F|  |TAMS 0x00000000df400000, 0x00000000df400000| Untracked 
| 245|0x00000000df500000, 0x00000000df500000, 0x00000000df600000|  0%| F|  |TAMS 0x00000000df500000, 0x00000000df500000| Untracked 
| 246|0x00000000df600000, 0x00000000df600000, 0x00000000df700000|  0%| F|  |TAMS 0x00000000df600000, 0x00000000df600000| Untracked 
| 247|0x00000000df700000, 0x00000000df700000, 0x00000000df800000|  0%| F|  |TAMS 0x00000000df700000, 0x00000000df700000| Untracked 
| 248|0x00000000df800000, 0x00000000df800000, 0x00000000df900000|  0%| F|  |TAMS 0x00000000df800000, 0x00000000df800000| Untracked 
| 249|0x00000000df900000, 0x00000000df900000, 0x00000000dfa00000|  0%| F|  |TAMS 0x00000000df900000, 0x00000000df900000| Untracked 
| 250|0x00000000dfa00000, 0x00000000dfa00000, 0x00000000dfb00000|  0%| F|  |TAMS 0x00000000dfa00000, 0x00000000dfa00000| Untracked 
| 251|0x00000000dfb00000, 0x00000000dfb00000, 0x00000000dfc00000|  0%| F|  |TAMS 0x00000000dfb00000, 0x00000000dfb00000| Untracked 
| 252|0x00000000dfc00000, 0x00000000dfc00000, 0x00000000dfd00000|  0%| F|  |TAMS 0x00000000dfc00000, 0x00000000dfc00000| Untracked 
| 253|0x00000000dfd00000, 0x00000000dfd00000, 0x00000000dfe00000|  0%| F|  |TAMS 0x00000000dfd00000, 0x00000000dfd00000| Untracked 
| 254|0x00000000dfe00000, 0x00000000dfe00000, 0x00000000dff00000|  0%| F|  |TAMS 0x00000000dfe00000, 0x00000000dfe00000| Untracked 
| 255|0x00000000dff00000, 0x00000000dff00000, 0x00000000e0000000|  0%| F|  |TAMS 0x00000000dff00000, 0x00000000dff00000| Untracked 
| 256|0x00000000e0000000, 0x00000000e0000000, 0x00000000e0100000|  0%| F|  |TAMS 0x00000000e0000000, 0x00000000e0000000| Untracked 
| 257|0x00000000e0100000, 0x00000000e0100000, 0x00000000e0200000|  0%| F|  |TAMS 0x00000000e0100000, 0x00000000e0100000| Untracked 
| 258|0x00000000e0200000, 0x00000000e0200000, 0x00000000e0300000|  0%| F|  |TAMS 0x00000000e0200000, 0x00000000e0200000| Untracked 
| 259|0x00000000e0300000, 0x00000000e0300000, 0x00000000e0400000|  0%| F|  |TAMS 0x00000000e0300000, 0x00000000e0300000| Untracked 
| 260|0x00000000e0400000, 0x00000000e0400000, 0x00000000e0500000|  0%| F|  |TAMS 0x00000000e0400000, 0x00000000e0400000| Untracked 
| 261|0x00000000e0500000, 0x00000000e0500000, 0x00000000e0600000|  0%| F|  |TAMS 0x00000000e0500000, 0x00000000e0500000| Untracked 
| 262|0x00000000e0600000, 0x00000000e0600000, 0x00000000e0700000|  0%| F|  |TAMS 0x00000000e0600000, 0x00000000e0600000| Untracked 
| 263|0x00000000e0700000, 0x00000000e0700000, 0x00000000e0800000|  0%| F|  |TAMS 0x00000000e0700000, 0x00000000e0700000| Untracked 
| 264|0x00000000e0800000, 0x00000000e0800000, 0x00000000e0900000|  0%| F|  |TAMS 0x00000000e0800000, 0x00000000e0800000| Untracked 
| 265|0x00000000e0900000, 0x00000000e0900000, 0x00000000e0a00000|  0%| F|  |TAMS 0x00000000e0900000, 0x00000000e0900000| Untracked 
| 266|0x00000000e0a00000, 0x00000000e0a00000, 0x00000000e0b00000|  0%| F|  |TAMS 0x00000000e0a00000, 0x00000000e0a00000| Untracked 
| 267|0x00000000e0b00000, 0x00000000e0b00000, 0x00000000e0c00000|  0%| F|  |TAMS 0x00000000e0b00000, 0x00000000e0b00000| Untracked 
| 268|0x00000000e0c00000, 0x00000000e0c00000, 0x00000000e0d00000|  0%| F|  |TAMS 0x00000000e0c00000, 0x00000000e0c00000| Untracked 
| 269|0x00000000e0d00000, 0x00000000e0d00000, 0x00000000e0e00000|  0%| F|  |TAMS 0x00000000e0d00000, 0x00000000e0d00000| Untracked 
| 270|0x00000000e0e00000, 0x00000000e0e00000, 0x00000000e0f00000|  0%| F|  |TAMS 0x00000000e0e00000, 0x00000000e0e00000| Untracked 
| 271|0x00000000e0f00000, 0x00000000e0f00000, 0x00000000e1000000|  0%| F|  |TAMS 0x00000000e0f00000, 0x00000000e0f00000| Untracked 
| 272|0x00000000e1000000, 0x00000000e1000000, 0x00000000e1100000|  0%| F|  |TAMS 0x00000000e1000000, 0x00000000e1000000| Untracked 
| 273|0x00000000e1100000, 0x00000000e1100000, 0x00000000e1200000|  0%| F|  |TAMS 0x00000000e1100000, 0x00000000e1100000| Untracked 
| 274|0x00000000e1200000, 0x00000000e1200000, 0x00000000e1300000|  0%| F|  |TAMS 0x00000000e1200000, 0x00000000e1200000| Untracked 
| 275|0x00000000e1300000, 0x00000000e1300000, 0x00000000e1400000|  0%| F|  |TAMS 0x00000000e1300000, 0x00000000e1300000| Untracked 
| 276|0x00000000e1400000, 0x00000000e1400000, 0x00000000e1500000|  0%| F|  |TAMS 0x00000000e1400000, 0x00000000e1400000| Untracked 
| 277|0x00000000e1500000, 0x00000000e1500000, 0x00000000e1600000|  0%| F|  |TAMS 0x00000000e1500000, 0x00000000e1500000| Untracked 
| 278|0x00000000e1600000, 0x00000000e1600000, 0x00000000e1700000|  0%| F|  |TAMS 0x00000000e1600000, 0x00000000e1600000| Untracked 
| 279|0x00000000e1700000, 0x00000000e1700000, 0x00000000e1800000|  0%| F|  |TAMS 0x00000000e1700000, 0x00000000e1700000| Untracked 
| 280|0x00000000e1800000, 0x00000000e1800000, 0x00000000e1900000|  0%| F|  |TAMS 0x00000000e1800000, 0x00000000e1800000| Untracked 
| 281|0x00000000e1900000, 0x00000000e1900000, 0x00000000e1a00000|  0%| F|  |TAMS 0x00000000e1900000, 0x00000000e1900000| Untracked 
| 282|0x00000000e1a00000, 0x00000000e1a00000, 0x00000000e1b00000|  0%| F|  |TAMS 0x00000000e1a00000, 0x00000000e1a00000| Untracked 
| 283|0x00000000e1b00000, 0x00000000e1b00000, 0x00000000e1c00000|  0%| F|  |TAMS 0x00000000e1b00000, 0x00000000e1b00000| Untracked 
| 284|0x00000000e1c00000, 0x00000000e1c00000, 0x00000000e1d00000|  0%| F|  |TAMS 0x00000000e1c00000, 0x00000000e1c00000| Untracked 
| 285|0x00000000e1d00000, 0x00000000e1d00000, 0x00000000e1e00000|  0%| F|  |TAMS 0x00000000e1d00000, 0x00000000e1d00000| Untracked 
| 286|0x00000000e1e00000, 0x00000000e1e00000, 0x00000000e1f00000|  0%| F|  |TAMS 0x00000000e1e00000, 0x00000000e1e00000| Untracked 
| 287|0x00000000e1f00000, 0x00000000e1f00000, 0x00000000e2000000|  0%| F|  |TAMS 0x00000000e1f00000, 0x00000000e1f00000| Untracked 
| 288|0x00000000e2000000, 0x00000000e2000000, 0x00000000e2100000|  0%| F|  |TAMS 0x00000000e2000000, 0x00000000e2000000| Untracked 
| 289|0x00000000e2100000, 0x00000000e2100000, 0x00000000e2200000|  0%| F|  |TAMS 0x00000000e2100000, 0x00000000e2100000| Untracked 
| 290|0x00000000e2200000, 0x00000000e2200000, 0x00000000e2300000|  0%| F|  |TAMS 0x00000000e2200000, 0x00000000e2200000| Untracked 
| 291|0x00000000e2300000, 0x00000000e2300000, 0x00000000e2400000|  0%| F|  |TAMS 0x00000000e2300000, 0x00000000e2300000| Untracked 
| 292|0x00000000e2400000, 0x00000000e2400000, 0x00000000e2500000|  0%| F|  |TAMS 0x00000000e2400000, 0x00000000e2400000| Untracked 
| 293|0x00000000e2500000, 0x00000000e2500000, 0x00000000e2600000|  0%| F|  |TAMS 0x00000000e2500000, 0x00000000e2500000| Untracked 
| 294|0x00000000e2600000, 0x00000000e2600000, 0x00000000e2700000|  0%| F|  |TAMS 0x00000000e2600000, 0x00000000e2600000| Untracked 
| 295|0x00000000e2700000, 0x00000000e2700000, 0x00000000e2800000|  0%| F|  |TAMS 0x00000000e2700000, 0x00000000e2700000| Untracked 
| 296|0x00000000e2800000, 0x00000000e2800000, 0x00000000e2900000|  0%| F|  |TAMS 0x00000000e2800000, 0x00000000e2800000| Untracked 
| 297|0x00000000e2900000, 0x00000000e2900000, 0x00000000e2a00000|  0%| F|  |TAMS 0x00000000e2900000, 0x00000000e2900000| Untracked 
| 298|0x00000000e2a00000, 0x00000000e2a00000, 0x00000000e2b00000|  0%| F|  |TAMS 0x00000000e2a00000, 0x00000000e2a00000| Untracked 
| 299|0x00000000e2b00000, 0x00000000e2b00000, 0x00000000e2c00000|  0%| F|  |TAMS 0x00000000e2b00000, 0x00000000e2b00000| Untracked 
| 300|0x00000000e2c00000, 0x00000000e2c00000, 0x00000000e2d00000|  0%| F|  |TAMS 0x00000000e2c00000, 0x00000000e2c00000| Untracked 
| 301|0x00000000e2d00000, 0x00000000e2d00000, 0x00000000e2e00000|  0%| F|  |TAMS 0x00000000e2d00000, 0x00000000e2d00000| Untracked 
| 302|0x00000000e2e00000, 0x00000000e2e00000, 0x00000000e2f00000|  0%| F|  |TAMS 0x00000000e2e00000, 0x00000000e2e00000| Untracked 
| 303|0x00000000e2f00000, 0x00000000e2f00000, 0x00000000e3000000|  0%| F|  |TAMS 0x00000000e2f00000, 0x00000000e2f00000| Untracked 
| 304|0x00000000e3000000, 0x00000000e3000000, 0x00000000e3100000|  0%| F|  |TAMS 0x00000000e3000000, 0x00000000e3000000| Untracked 
| 305|0x00000000e3100000, 0x00000000e3100000, 0x00000000e3200000|  0%| F|  |TAMS 0x00000000e3100000, 0x00000000e3100000| Untracked 
| 306|0x00000000e3200000, 0x00000000e3200000, 0x00000000e3300000|  0%| F|  |TAMS 0x00000000e3200000, 0x00000000e3200000| Untracked 
| 307|0x00000000e3300000, 0x00000000e3300000, 0x00000000e3400000|  0%| F|  |TAMS 0x00000000e3300000, 0x00000000e3300000| Untracked 
| 308|0x00000000e3400000, 0x00000000e3400000, 0x00000000e3500000|  0%| F|  |TAMS 0x00000000e3400000, 0x00000000e3400000| Untracked 
| 309|0x00000000e3500000, 0x00000000e3500000, 0x00000000e3600000|  0%| F|  |TAMS 0x00000000e3500000, 0x00000000e3500000| Untracked 
| 310|0x00000000e3600000, 0x00000000e3600000, 0x00000000e3700000|  0%| F|  |TAMS 0x00000000e3600000, 0x00000000e3600000| Untracked 
| 311|0x00000000e3700000, 0x00000000e3700000, 0x00000000e3800000|  0%| F|  |TAMS 0x00000000e3700000, 0x00000000e3700000| Untracked 
| 312|0x00000000e3800000, 0x00000000e3800000, 0x00000000e3900000|  0%| F|  |TAMS 0x00000000e3800000, 0x00000000e3800000| Untracked 
| 313|0x00000000e3900000, 0x00000000e3900000, 0x00000000e3a00000|  0%| F|  |TAMS 0x00000000e3900000, 0x00000000e3900000| Untracked 
| 314|0x00000000e3a00000, 0x00000000e3a00000, 0x00000000e3b00000|  0%| F|  |TAMS 0x00000000e3a00000, 0x00000000e3a00000| Untracked 
| 315|0x00000000e3b00000, 0x00000000e3b00000, 0x00000000e3c00000|  0%| F|  |TAMS 0x00000000e3b00000, 0x00000000e3b00000| Untracked 
| 316|0x00000000e3c00000, 0x00000000e3c00000, 0x00000000e3d00000|  0%| F|  |TAMS 0x00000000e3c00000, 0x00000000e3c00000| Untracked 
| 317|0x00000000e3d00000, 0x00000000e3d00000, 0x00000000e3e00000|  0%| F|  |TAMS 0x00000000e3d00000, 0x00000000e3d00000| Untracked 
| 318|0x00000000e3e00000, 0x00000000e3e00000, 0x00000000e3f00000|  0%| F|  |TAMS 0x00000000e3e00000, 0x00000000e3e00000| Untracked 
| 319|0x00000000e3f00000, 0x00000000e3f00000, 0x00000000e4000000|  0%| F|  |TAMS 0x00000000e3f00000, 0x00000000e3f00000| Untracked 
| 320|0x00000000e4000000, 0x00000000e4000000, 0x00000000e4100000|  0%| F|  |TAMS 0x00000000e4000000, 0x00000000e4000000| Untracked 
| 321|0x00000000e4100000, 0x00000000e4100000, 0x00000000e4200000|  0%| F|  |TAMS 0x00000000e4100000, 0x00000000e4100000| Untracked 
| 322|0x00000000e4200000, 0x00000000e4200000, 0x00000000e4300000|  0%| F|  |TAMS 0x00000000e4200000, 0x00000000e4200000| Untracked 
| 323|0x00000000e4300000, 0x00000000e4300000, 0x00000000e4400000|  0%| F|  |TAMS 0x00000000e4300000, 0x00000000e4300000| Untracked 
| 324|0x00000000e4400000, 0x00000000e4400000, 0x00000000e4500000|  0%| F|  |TAMS 0x00000000e4400000, 0x00000000e4400000| Untracked 
| 325|0x00000000e4500000, 0x00000000e4500000, 0x00000000e4600000|  0%| F|  |TAMS 0x00000000e4500000, 0x00000000e4500000| Untracked 
| 326|0x00000000e4600000, 0x00000000e4600000, 0x00000000e4700000|  0%| F|  |TAMS 0x00000000e4600000, 0x00000000e4600000| Untracked 
| 327|0x00000000e4700000, 0x00000000e4700000, 0x00000000e4800000|  0%| F|  |TAMS 0x00000000e4700000, 0x00000000e4700000| Untracked 
| 328|0x00000000e4800000, 0x00000000e4800000, 0x00000000e4900000|  0%| F|  |TAMS 0x00000000e4800000, 0x00000000e4800000| Untracked 
| 329|0x00000000e4900000, 0x00000000e4900000, 0x00000000e4a00000|  0%| F|  |TAMS 0x00000000e4900000, 0x00000000e4900000| Untracked 
| 330|0x00000000e4a00000, 0x00000000e4a00000, 0x00000000e4b00000|  0%| F|  |TAMS 0x00000000e4a00000, 0x00000000e4a00000| Untracked 
| 331|0x00000000e4b00000, 0x00000000e4b00000, 0x00000000e4c00000|  0%| F|  |TAMS 0x00000000e4b00000, 0x00000000e4b00000| Untracked 
| 332|0x00000000e4c00000, 0x00000000e4c00000, 0x00000000e4d00000|  0%| F|  |TAMS 0x00000000e4c00000, 0x00000000e4c00000| Untracked 
| 333|0x00000000e4d00000, 0x00000000e4d00000, 0x00000000e4e00000|  0%| F|  |TAMS 0x00000000e4d00000, 0x00000000e4d00000| Untracked 
| 334|0x00000000e4e00000, 0x00000000e4e00000, 0x00000000e4f00000|  0%| F|  |TAMS 0x00000000e4e00000, 0x00000000e4e00000| Untracked 
| 335|0x00000000e4f00000, 0x00000000e4f00000, 0x00000000e5000000|  0%| F|  |TAMS 0x00000000e4f00000, 0x00000000e4f00000| Untracked 
| 336|0x00000000e5000000, 0x00000000e5000000, 0x00000000e5100000|  0%| F|  |TAMS 0x00000000e5000000, 0x00000000e5000000| Untracked 
| 337|0x00000000e5100000, 0x00000000e5200000, 0x00000000e5200000|100%| E|  |TAMS 0x00000000e5100000, 0x00000000e5100000| Complete 
| 338|0x00000000e5200000, 0x00000000e5300000, 0x00000000e5300000|100%| E|CS|TAMS 0x00000000e5200000, 0x00000000e5200000| Complete 
| 339|0x00000000e5300000, 0x00000000e5400000, 0x00000000e5400000|100%| E|CS|TAMS 0x00000000e5300000, 0x00000000e5300000| Complete 
| 340|0x00000000e5400000, 0x00000000e5500000, 0x00000000e5500000|100%| E|CS|TAMS 0x00000000e5400000, 0x00000000e5400000| Complete 
| 341|0x00000000e5500000, 0x00000000e5600000, 0x00000000e5600000|100%| E|CS|TAMS 0x00000000e5500000, 0x00000000e5500000| Complete 
| 342|0x00000000e5600000, 0x00000000e5700000, 0x00000000e5700000|100%| E|CS|TAMS 0x00000000e5600000, 0x00000000e5600000| Complete 
| 343|0x00000000e5700000, 0x00000000e5800000, 0x00000000e5800000|100%| E|CS|TAMS 0x00000000e5700000, 0x00000000e5700000| Complete 
| 344|0x00000000e5800000, 0x00000000e5900000, 0x00000000e5900000|100%| E|CS|TAMS 0x00000000e5800000, 0x00000000e5800000| Complete 
| 345|0x00000000e5900000, 0x00000000e5a00000, 0x00000000e5a00000|100%| E|CS|TAMS 0x00000000e5900000, 0x00000000e5900000| Complete 
| 346|0x00000000e5a00000, 0x00000000e5b00000, 0x00000000e5b00000|100%| E|CS|TAMS 0x00000000e5a00000, 0x00000000e5a00000| Complete 
| 347|0x00000000e5b00000, 0x00000000e5c00000, 0x00000000e5c00000|100%| E|CS|TAMS 0x00000000e5b00000, 0x00000000e5b00000| Complete 
| 348|0x00000000e5c00000, 0x00000000e5d00000, 0x00000000e5d00000|100%| E|CS|TAMS 0x00000000e5c00000, 0x00000000e5c00000| Complete 
| 349|0x00000000e5d00000, 0x00000000e5e00000, 0x00000000e5e00000|100%| E|CS|TAMS 0x00000000e5d00000, 0x00000000e5d00000| Complete 
| 350|0x00000000e5e00000, 0x00000000e5f00000, 0x00000000e5f00000|100%| E|CS|TAMS 0x00000000e5e00000, 0x00000000e5e00000| Complete 
| 351|0x00000000e5f00000, 0x00000000e6000000, 0x00000000e6000000|100%| E|CS|TAMS 0x00000000e5f00000, 0x00000000e5f00000| Complete 
| 352|0x00000000e6000000, 0x00000000e6100000, 0x00000000e6100000|100%| E|CS|TAMS 0x00000000e6000000, 0x00000000e6000000| Complete 
| 353|0x00000000e6100000, 0x00000000e6200000, 0x00000000e6200000|100%| E|CS|TAMS 0x00000000e6100000, 0x00000000e6100000| Complete 
| 354|0x00000000e6200000, 0x00000000e6300000, 0x00000000e6300000|100%| E|CS|TAMS 0x00000000e6200000, 0x00000000e6200000| Complete 
| 355|0x00000000e6300000, 0x00000000e6400000, 0x00000000e6400000|100%| E|CS|TAMS 0x00000000e6300000, 0x00000000e6300000| Complete 
| 356|0x00000000e6400000, 0x00000000e6500000, 0x00000000e6500000|100%| E|CS|TAMS 0x00000000e6400000, 0x00000000e6400000| Complete 
| 357|0x00000000e6500000, 0x00000000e6600000, 0x00000000e6600000|100%| E|CS|TAMS 0x00000000e6500000, 0x00000000e6500000| Complete 
| 358|0x00000000e6600000, 0x00000000e6700000, 0x00000000e6700000|100%| E|CS|TAMS 0x00000000e6600000, 0x00000000e6600000| Complete 
| 359|0x00000000e6700000, 0x00000000e6800000, 0x00000000e6800000|100%| E|CS|TAMS 0x00000000e6700000, 0x00000000e6700000| Complete 
| 360|0x00000000e6800000, 0x00000000e6900000, 0x00000000e6900000|100%| E|CS|TAMS 0x00000000e6800000, 0x00000000e6800000| Complete 
| 361|0x00000000e6900000, 0x00000000e6a00000, 0x00000000e6a00000|100%| E|CS|TAMS 0x00000000e6900000, 0x00000000e6900000| Complete 
| 362|0x00000000e6a00000, 0x00000000e6b00000, 0x00000000e6b00000|100%| E|CS|TAMS 0x00000000e6a00000, 0x00000000e6a00000| Complete 
| 363|0x00000000e6b00000, 0x00000000e6c00000, 0x00000000e6c00000|100%| E|CS|TAMS 0x00000000e6b00000, 0x00000000e6b00000| Complete 
| 364|0x00000000e6c00000, 0x00000000e6d00000, 0x00000000e6d00000|100%| E|CS|TAMS 0x00000000e6c00000, 0x00000000e6c00000| Complete 
| 365|0x00000000e6d00000, 0x00000000e6e00000, 0x00000000e6e00000|100%| E|CS|TAMS 0x00000000e6d00000, 0x00000000e6d00000| Complete 
| 366|0x00000000e6e00000, 0x00000000e6f00000, 0x00000000e6f00000|100%| E|CS|TAMS 0x00000000e6e00000, 0x00000000e6e00000| Complete 
| 367|0x00000000e6f00000, 0x00000000e7000000, 0x00000000e7000000|100%| E|CS|TAMS 0x00000000e6f00000, 0x00000000e6f00000| Complete 
| 368|0x00000000e7000000, 0x00000000e7100000, 0x00000000e7100000|100%| E|CS|TAMS 0x00000000e7000000, 0x00000000e7000000| Complete 
| 369|0x00000000e7100000, 0x00000000e7200000, 0x00000000e7200000|100%| E|CS|TAMS 0x00000000e7100000, 0x00000000e7100000| Complete 
| 370|0x00000000e7200000, 0x00000000e7300000, 0x00000000e7300000|100%| E|CS|TAMS 0x00000000e7200000, 0x00000000e7200000| Complete 
| 371|0x00000000e7300000, 0x00000000e7400000, 0x00000000e7400000|100%| E|CS|TAMS 0x00000000e7300000, 0x00000000e7300000| Complete 
| 372|0x00000000e7400000, 0x00000000e7500000, 0x00000000e7500000|100%| E|CS|TAMS 0x00000000e7400000, 0x00000000e7400000| Complete 
| 373|0x00000000e7500000, 0x00000000e7600000, 0x00000000e7600000|100%| E|CS|TAMS 0x00000000e7500000, 0x00000000e7500000| Complete 
| 374|0x00000000e7600000, 0x00000000e7700000, 0x00000000e7700000|100%| E|CS|TAMS 0x00000000e7600000, 0x00000000e7600000| Complete 
| 375|0x00000000e7700000, 0x00000000e7800000, 0x00000000e7800000|100%| E|CS|TAMS 0x00000000e7700000, 0x00000000e7700000| Complete 
| 376|0x00000000e7800000, 0x00000000e7900000, 0x00000000e7900000|100%| E|CS|TAMS 0x00000000e7800000, 0x00000000e7800000| Complete 
| 377|0x00000000e7900000, 0x00000000e7a00000, 0x00000000e7a00000|100%| E|CS|TAMS 0x00000000e7900000, 0x00000000e7900000| Complete 
| 378|0x00000000e7a00000, 0x00000000e7b00000, 0x00000000e7b00000|100%| E|CS|TAMS 0x00000000e7a00000, 0x00000000e7a00000| Complete 
| 379|0x00000000e7b00000, 0x00000000e7c00000, 0x00000000e7c00000|100%| E|CS|TAMS 0x00000000e7b00000, 0x00000000e7b00000| Complete 
| 380|0x00000000e7c00000, 0x00000000e7d00000, 0x00000000e7d00000|100%| E|CS|TAMS 0x00000000e7c00000, 0x00000000e7c00000| Complete 
| 381|0x00000000e7d00000, 0x00000000e7e00000, 0x00000000e7e00000|100%| E|CS|TAMS 0x00000000e7d00000, 0x00000000e7d00000| Complete 
| 382|0x00000000e7e00000, 0x00000000e7f00000, 0x00000000e7f00000|100%| E|CS|TAMS 0x00000000e7e00000, 0x00000000e7e00000| Complete 
| 383|0x00000000e7f00000, 0x00000000e8000000, 0x00000000e8000000|100%| E|CS|TAMS 0x00000000e7f00000, 0x00000000e7f00000| Complete 
| 384|0x00000000e8000000, 0x00000000e8100000, 0x00000000e8100000|100%| E|CS|TAMS 0x00000000e8000000, 0x00000000e8000000| Complete 
| 385|0x00000000e8100000, 0x00000000e8200000, 0x00000000e8200000|100%| E|CS|TAMS 0x00000000e8100000, 0x00000000e8100000| Complete 
| 386|0x00000000e8200000, 0x00000000e8300000, 0x00000000e8300000|100%| E|CS|TAMS 0x00000000e8200000, 0x00000000e8200000| Complete 
| 387|0x00000000e8300000, 0x00000000e8400000, 0x00000000e8400000|100%| E|CS|TAMS 0x00000000e8300000, 0x00000000e8300000| Complete 
| 388|0x00000000e8400000, 0x00000000e8500000, 0x00000000e8500000|100%| E|CS|TAMS 0x00000000e8400000, 0x00000000e8400000| Complete 
| 389|0x00000000e8500000, 0x00000000e8600000, 0x00000000e8600000|100%| E|CS|TAMS 0x00000000e8500000, 0x00000000e8500000| Complete 
| 390|0x00000000e8600000, 0x00000000e8700000, 0x00000000e8700000|100%| E|CS|TAMS 0x00000000e8600000, 0x00000000e8600000| Complete 
| 391|0x00000000e8700000, 0x00000000e8800000, 0x00000000e8800000|100%| E|CS|TAMS 0x00000000e8700000, 0x00000000e8700000| Complete 
| 392|0x00000000e8800000, 0x00000000e8900000, 0x00000000e8900000|100%| E|CS|TAMS 0x00000000e8800000, 0x00000000e8800000| Complete 
| 393|0x00000000e8900000, 0x00000000e8a00000, 0x00000000e8a00000|100%| E|CS|TAMS 0x00000000e8900000, 0x00000000e8900000| Complete 
| 394|0x00000000e8a00000, 0x00000000e8b00000, 0x00000000e8b00000|100%| E|CS|TAMS 0x00000000e8a00000, 0x00000000e8a00000| Complete 
| 395|0x00000000e8b00000, 0x00000000e8c00000, 0x00000000e8c00000|100%| E|CS|TAMS 0x00000000e8b00000, 0x00000000e8b00000| Complete 
| 396|0x00000000e8c00000, 0x00000000e8d00000, 0x00000000e8d00000|100%| E|CS|TAMS 0x00000000e8c00000, 0x00000000e8c00000| Complete 
| 397|0x00000000e8d00000, 0x00000000e8e00000, 0x00000000e8e00000|100%| E|CS|TAMS 0x00000000e8d00000, 0x00000000e8d00000| Complete 
| 398|0x00000000e8e00000, 0x00000000e8f00000, 0x00000000e8f00000|100%| E|CS|TAMS 0x00000000e8e00000, 0x00000000e8e00000| Complete 
| 399|0x00000000e8f00000, 0x00000000e9000000, 0x00000000e9000000|100%| E|CS|TAMS 0x00000000e8f00000, 0x00000000e8f00000| Complete 
| 400|0x00000000e9000000, 0x00000000e9100000, 0x00000000e9100000|100%| E|CS|TAMS 0x00000000e9000000, 0x00000000e9000000| Complete 
| 401|0x00000000e9100000, 0x00000000e9200000, 0x00000000e9200000|100%| E|CS|TAMS 0x00000000e9100000, 0x00000000e9100000| Complete 
| 402|0x00000000e9200000, 0x00000000e9300000, 0x00000000e9300000|100%| E|CS|TAMS 0x00000000e9200000, 0x00000000e9200000| Complete 
| 403|0x00000000e9300000, 0x00000000e9400000, 0x00000000e9400000|100%| E|CS|TAMS 0x00000000e9300000, 0x00000000e9300000| Complete 
| 404|0x00000000e9400000, 0x00000000e9500000, 0x00000000e9500000|100%| E|CS|TAMS 0x00000000e9400000, 0x00000000e9400000| Complete 
| 405|0x00000000e9500000, 0x00000000e9600000, 0x00000000e9600000|100%| E|CS|TAMS 0x00000000e9500000, 0x00000000e9500000| Complete 
| 406|0x00000000e9600000, 0x00000000e9700000, 0x00000000e9700000|100%| E|CS|TAMS 0x00000000e9600000, 0x00000000e9600000| Complete 
| 407|0x00000000e9700000, 0x00000000e9800000, 0x00000000e9800000|100%| E|CS|TAMS 0x00000000e9700000, 0x00000000e9700000| Complete 
| 408|0x00000000e9800000, 0x00000000e9900000, 0x00000000e9900000|100%| E|CS|TAMS 0x00000000e9800000, 0x00000000e9800000| Complete 
| 409|0x00000000e9900000, 0x00000000e9a00000, 0x00000000e9a00000|100%| E|CS|TAMS 0x00000000e9900000, 0x00000000e9900000| Complete 
| 410|0x00000000e9a00000, 0x00000000e9b00000, 0x00000000e9b00000|100%| E|CS|TAMS 0x00000000e9a00000, 0x00000000e9a00000| Complete 
| 411|0x00000000e9b00000, 0x00000000e9c00000, 0x00000000e9c00000|100%| E|CS|TAMS 0x00000000e9b00000, 0x00000000e9b00000| Complete 
| 412|0x00000000e9c00000, 0x00000000e9d00000, 0x00000000e9d00000|100%| E|CS|TAMS 0x00000000e9c00000, 0x00000000e9c00000| Complete 
| 413|0x00000000e9d00000, 0x00000000e9e00000, 0x00000000e9e00000|100%| E|CS|TAMS 0x00000000e9d00000, 0x00000000e9d00000| Complete 
| 414|0x00000000e9e00000, 0x00000000e9f00000, 0x00000000e9f00000|100%| E|CS|TAMS 0x00000000e9e00000, 0x00000000e9e00000| Complete 
| 415|0x00000000e9f00000, 0x00000000ea000000, 0x00000000ea000000|100%| E|CS|TAMS 0x00000000e9f00000, 0x00000000e9f00000| Complete 
| 416|0x00000000ea000000, 0x00000000ea100000, 0x00000000ea100000|100%| E|CS|TAMS 0x00000000ea000000, 0x00000000ea000000| Complete 
| 417|0x00000000ea100000, 0x00000000ea200000, 0x00000000ea200000|100%| E|CS|TAMS 0x00000000ea100000, 0x00000000ea100000| Complete 
| 418|0x00000000ea200000, 0x00000000ea300000, 0x00000000ea300000|100%| E|CS|TAMS 0x00000000ea200000, 0x00000000ea200000| Complete 
| 419|0x00000000ea300000, 0x00000000ea400000, 0x00000000ea400000|100%| E|CS|TAMS 0x00000000ea300000, 0x00000000ea300000| Complete 
| 420|0x00000000ea400000, 0x00000000ea500000, 0x00000000ea500000|100%| E|CS|TAMS 0x00000000ea400000, 0x00000000ea400000| Complete 
| 421|0x00000000ea500000, 0x00000000ea600000, 0x00000000ea600000|100%| E|CS|TAMS 0x00000000ea500000, 0x00000000ea500000| Complete 
| 422|0x00000000ea600000, 0x00000000ea700000, 0x00000000ea700000|100%| E|CS|TAMS 0x00000000ea600000, 0x00000000ea600000| Complete 
| 423|0x00000000ea700000, 0x00000000ea800000, 0x00000000ea800000|100%| E|CS|TAMS 0x00000000ea700000, 0x00000000ea700000| Complete 
| 424|0x00000000ea800000, 0x00000000ea900000, 0x00000000ea900000|100%| E|CS|TAMS 0x00000000ea800000, 0x00000000ea800000| Complete 
| 425|0x00000000ea900000, 0x00000000eaa00000, 0x00000000eaa00000|100%| E|CS|TAMS 0x00000000ea900000, 0x00000000ea900000| Complete 
| 426|0x00000000eaa00000, 0x00000000eab00000, 0x00000000eab00000|100%| E|CS|TAMS 0x00000000eaa00000, 0x00000000eaa00000| Complete 
| 427|0x00000000eab00000, 0x00000000eac00000, 0x00000000eac00000|100%| E|CS|TAMS 0x00000000eab00000, 0x00000000eab00000| Complete 
| 428|0x00000000eac00000, 0x00000000ead00000, 0x00000000ead00000|100%| E|CS|TAMS 0x00000000eac00000, 0x00000000eac00000| Complete 
| 429|0x00000000ead00000, 0x00000000eae00000, 0x00000000eae00000|100%| E|CS|TAMS 0x00000000ead00000, 0x00000000ead00000| Complete 
| 430|0x00000000eae00000, 0x00000000eaf00000, 0x00000000eaf00000|100%| E|CS|TAMS 0x00000000eae00000, 0x00000000eae00000| Complete 
| 431|0x00000000eaf00000, 0x00000000eb000000, 0x00000000eb000000|100%| E|CS|TAMS 0x00000000eaf00000, 0x00000000eaf00000| Complete 
| 432|0x00000000eb000000, 0x00000000eb100000, 0x00000000eb100000|100%| E|CS|TAMS 0x00000000eb000000, 0x00000000eb000000| Complete 
| 433|0x00000000eb100000, 0x00000000eb200000, 0x00000000eb200000|100%| E|CS|TAMS 0x00000000eb100000, 0x00000000eb100000| Complete 
| 434|0x00000000eb200000, 0x00000000eb300000, 0x00000000eb300000|100%| E|CS|TAMS 0x00000000eb200000, 0x00000000eb200000| Complete 
| 435|0x00000000eb300000, 0x00000000eb400000, 0x00000000eb400000|100%| E|CS|TAMS 0x00000000eb300000, 0x00000000eb300000| Complete 
| 436|0x00000000eb400000, 0x00000000eb500000, 0x00000000eb500000|100%| E|CS|TAMS 0x00000000eb400000, 0x00000000eb400000| Complete 
| 437|0x00000000eb500000, 0x00000000eb600000, 0x00000000eb600000|100%| E|CS|TAMS 0x00000000eb500000, 0x00000000eb500000| Complete 
| 438|0x00000000eb600000, 0x00000000eb700000, 0x00000000eb700000|100%| E|CS|TAMS 0x00000000eb600000, 0x00000000eb600000| Complete 
| 439|0x00000000eb700000, 0x00000000eb800000, 0x00000000eb800000|100%| E|CS|TAMS 0x00000000eb700000, 0x00000000eb700000| Complete 
| 440|0x00000000eb800000, 0x00000000eb900000, 0x00000000eb900000|100%| E|CS|TAMS 0x00000000eb800000, 0x00000000eb800000| Complete 
| 441|0x00000000eb900000, 0x00000000eba00000, 0x00000000eba00000|100%| E|CS|TAMS 0x00000000eb900000, 0x00000000eb900000| Complete 
| 442|0x00000000eba00000, 0x00000000ebb00000, 0x00000000ebb00000|100%| E|CS|TAMS 0x00000000eba00000, 0x00000000eba00000| Complete 
| 443|0x00000000ebb00000, 0x00000000ebc00000, 0x00000000ebc00000|100%| E|CS|TAMS 0x00000000ebb00000, 0x00000000ebb00000| Complete 
| 444|0x00000000ebc00000, 0x00000000ebd00000, 0x00000000ebd00000|100%| E|CS|TAMS 0x00000000ebc00000, 0x00000000ebc00000| Complete 
| 445|0x00000000ebd00000, 0x00000000ebe00000, 0x00000000ebe00000|100%| E|CS|TAMS 0x00000000ebd00000, 0x00000000ebd00000| Complete 
| 446|0x00000000ebe00000, 0x00000000ebf00000, 0x00000000ebf00000|100%| E|CS|TAMS 0x00000000ebe00000, 0x00000000ebe00000| Complete 
| 447|0x00000000ebf00000, 0x00000000ec000000, 0x00000000ec000000|100%| E|CS|TAMS 0x00000000ebf00000, 0x00000000ebf00000| Complete 
| 448|0x00000000ec000000, 0x00000000ec100000, 0x00000000ec100000|100%| E|CS|TAMS 0x00000000ec000000, 0x00000000ec000000| Complete 
| 449|0x00000000ec100000, 0x00000000ec200000, 0x00000000ec200000|100%| E|CS|TAMS 0x00000000ec100000, 0x00000000ec100000| Complete 
| 450|0x00000000ec200000, 0x00000000ec300000, 0x00000000ec300000|100%| E|CS|TAMS 0x00000000ec200000, 0x00000000ec200000| Complete 
| 451|0x00000000ec300000, 0x00000000ec400000, 0x00000000ec400000|100%| E|CS|TAMS 0x00000000ec300000, 0x00000000ec300000| Complete 
| 452|0x00000000ec400000, 0x00000000ec500000, 0x00000000ec500000|100%| E|CS|TAMS 0x00000000ec400000, 0x00000000ec400000| Complete 
| 453|0x00000000ec500000, 0x00000000ec600000, 0x00000000ec600000|100%| E|CS|TAMS 0x00000000ec500000, 0x00000000ec500000| Complete 
| 454|0x00000000ec600000, 0x00000000ec700000, 0x00000000ec700000|100%| E|CS|TAMS 0x00000000ec600000, 0x00000000ec600000| Complete 
| 455|0x00000000ec700000, 0x00000000ec800000, 0x00000000ec800000|100%| E|CS|TAMS 0x00000000ec700000, 0x00000000ec700000| Complete 
| 456|0x00000000ec800000, 0x00000000ec900000, 0x00000000ec900000|100%| E|CS|TAMS 0x00000000ec800000, 0x00000000ec800000| Complete 
| 457|0x00000000ec900000, 0x00000000eca00000, 0x00000000eca00000|100%| E|CS|TAMS 0x00000000ec900000, 0x00000000ec900000| Complete 
| 458|0x00000000eca00000, 0x00000000ecb00000, 0x00000000ecb00000|100%| E|CS|TAMS 0x00000000eca00000, 0x00000000eca00000| Complete 
| 459|0x00000000ecb00000, 0x00000000ecc00000, 0x00000000ecc00000|100%| E|CS|TAMS 0x00000000ecb00000, 0x00000000ecb00000| Complete 
| 460|0x00000000ecc00000, 0x00000000ecd00000, 0x00000000ecd00000|100%| E|CS|TAMS 0x00000000ecc00000, 0x00000000ecc00000| Complete 
| 461|0x00000000ecd00000, 0x00000000ece00000, 0x00000000ece00000|100%| E|CS|TAMS 0x00000000ecd00000, 0x00000000ecd00000| Complete 
| 462|0x00000000ece00000, 0x00000000ecf00000, 0x00000000ecf00000|100%| E|CS|TAMS 0x00000000ece00000, 0x00000000ece00000| Complete 

Card table byte_map: [0x000002094a870000,0x000002094a9f0000] _byte_map_base: 0x000002094a1f0000

Marking Bits (Prev, Next): (CMBitMap*) 0x0000020931fe79a0, (CMBitMap*) 0x0000020931fe7960
 Prev Bits: [0x000002094b770000, 0x000002094c370000)
 Next Bits: [0x000002094ab70000, 0x000002094b770000)

Polling page: 0x0000020931f30000

Metaspace:

Usage:
  Non-class:     83.76 MB used.
      Class:     13.35 MB used.
       Both:     97.11 MB used.

Virtual space:
  Non-class space:      128.00 MB reserved,      84.38 MB ( 66%) committed,  2 nodes.
      Class space:      208.00 MB reserved,      13.94 MB (  7%) committed,  1 nodes.
             Both:      336.00 MB reserved,      98.31 MB ( 29%) committed. 

Chunk freelists:
   Non-Class:  11.67 MB
       Class:  2.04 MB
        Both:  13.71 MB

MaxMetaspaceSize: 256.00 MB
CompressedClassSpaceSize: 208.00 MB
Initial GC threshold: 21.00 MB
Current GC threshold: 163.69 MB
CDS: on
MetaspaceReclaimPolicy: balanced
 - commit_granule_bytes: 65536.
 - commit_granule_words: 8192.
 - virtual_space_node_default_size: 8388608.
 - enlarge_chunks_in_place: 1.
 - new_chunks_are_fully_committed: 0.
 - uncommit_free_chunks: 1.
 - use_allocation_guard: 0.
 - handle_deallocations: 1.


Internal statistics:

num_allocs_failed_limit: 6.
num_arena_births: 1742.
num_arena_deaths: 0.
num_vsnodes_births: 3.
num_vsnodes_deaths: 0.
num_space_committed: 1573.
num_space_uncommitted: 0.
num_chunks_returned_to_freelist: 6.
num_chunks_taken_from_freelist: 6106.
num_chunk_merges: 6.
num_chunk_splits: 4020.
num_chunks_enlarged: 2606.
num_inconsistent_stats: 0.

CodeHeap 'non-profiled nmethods': size=120064Kb used=6946Kb max_used=6946Kb free=113117Kb
 bounds [0x0000020942db0000, 0x0000020943480000, 0x000002094a2f0000]
CodeHeap 'profiled nmethods': size=120000Kb used=26906Kb max_used=26906Kb free=93093Kb
 bounds [0x000002093b2f0000, 0x000002093cd40000, 0x0000020942820000]
CodeHeap 'non-nmethods': size=5696Kb used=2441Kb max_used=2497Kb free=3254Kb
 bounds [0x0000020942820000, 0x0000020942ab0000, 0x0000020942db0000]
 total_blobs=14344 nmethods=13366 adapters=889
 compilation: enabled
              stopped_count=0, restarted_count=0
 full_count=0

Compilation events (20 events):
Event: 78.877 Thread 0x000002094e7193f0 nmethod 17227 0x000002093c834d90 code [0x000002093c834f40, 0x000002093c835118]
Event: 78.931 Thread 0x000002094e7193f0 17228       3       com.sun.tools.javac.util.Log$DiscardDiagnosticHandler::<init> (10 bytes)
Event: 78.931 Thread 0x000002094e7193f0 nmethod 17228 0x000002093c834710 code [0x000002093c8348c0, 0x000002093c834c38]
Event: 78.939 Thread 0x000002094e7193f0 17229       3       com.sun.tools.javac.code.Types$5::visitType (10 bytes)
Event: 78.939 Thread 0x000002094e7193f0 nmethod 17229 0x000002093c834290 code [0x000002093c834440, 0x000002093c834668]
Event: 78.939 Thread 0x000002094e7193f0 17230       3       com.sun.tools.javac.code.Types$5::visitType (219 bytes)
Event: 78.941 Thread 0x000002094e7193f0 nmethod 17230 0x000002093cd33c10 code [0x000002093cd34020, 0x000002093cd36258]
Event: 78.951 Thread 0x000002094e7193f0 17232       2       com.sun.tools.javac.comp.Lower::makeAccessible (167 bytes)
Event: 78.953 Thread 0x000002094e7193f0 nmethod 17232 0x000002093c833090 code [0x000002093c833340, 0x000002093c833d58]
Event: 78.973 Thread 0x000002094e7193f0 17233       2       com.sun.tools.javac.file.JavacFileManager::getJavaFileForOutput (68 bytes)
Event: 78.974 Thread 0x000002094e7193f0 nmethod 17233 0x000002093c832510 code [0x000002093c832760, 0x000002093c832d48]
Event: 78.974 Thread 0x000002094e7193f0 17234       2       com.sun.tools.javac.file.JavacFileManager::checkOutputLocation (48 bytes)
Event: 78.975 Thread 0x000002094e7193f0 nmethod 17234 0x000002093c4d9e90 code [0x000002093c4da0c0, 0x000002093c4da4e8]
Event: 78.975 Thread 0x000002094e7193f0 17235   !   2       com.sun.tools.javac.file.JavacFileManager::getFileForOutput (245 bytes)
Event: 79.141 Thread 0x000002094e7193f0 nmethod 17235 0x000002093cd36a10 code [0x000002093cd36e60, 0x000002093cd38038]
Event: 79.141 Thread 0x000002094e7193f0 17236       1       com.sun.tools.javac.tree.JCTree$JCForLoop::getInitializer (5 bytes)
Event: 79.141 Thread 0x000002094e7193f0 nmethod 17236 0x00000209433f8710 code [0x00000209433f88a0, 0x00000209433f8978]
Event: 79.141 Thread 0x000002094e7193f0 17237       1       com.sun.tools.javac.tree.JCTree$JCForLoop::getCondition (5 bytes)
Event: 79.141 Thread 0x000002094e7193f0 nmethod 17237 0x00000209433f8410 code [0x00000209433f85a0, 0x00000209433f8678]
Event: 79.141 Thread 0x000002094e7193f0 17240   !   3       com.sun.tools.javac.comp.TransTypes::translateClass (406 bytes)

GC Heap History (20 events):
Event: 62.309 GC heap before
{Heap before GC invocations=64 (full 0):
 garbage-first heap   total 248832K, used 195584K [0x00000000d0000000, 0x0000000100000000)
  region size 1024K, 65 young (66560K), 1 survivors (1024K)
 Metaspace       used 95159K, committed 96384K, reserved 344064K
  class space    used 13356K, committed 13952K, reserved 212992K
}
Event: 62.361 GC heap after
{Heap after GC invocations=65 (full 0):
 garbage-first heap   total 248832K, used 143872K [0x00000000d0000000, 0x0000000100000000)
  region size 1024K, 9 young (9216K), 9 survivors (9216K)
 Metaspace       used 95159K, committed 96384K, reserved 344064K
  class space    used 13356K, committed 13952K, reserved 212992K
}
Event: 65.282 GC heap before
{Heap before GC invocations=66 (full 0):
 garbage-first heap   total 285696K, used 197120K [0x00000000d0000000, 0x0000000100000000)
  region size 1024K, 61 young (62464K), 9 survivors (9216K)
 Metaspace       used 95949K, committed 97152K, reserved 344064K
  class space    used 13440K, committed 14016K, reserved 212992K
}
Event: 65.348 GC heap after
{Heap after GC invocations=67 (full 0):
 garbage-first heap   total 285696K, used 156160K [0x00000000d0000000, 0x0000000100000000)
  region size 1024K, 8 young (8192K), 8 survivors (8192K)
 Metaspace       used 95949K, committed 97152K, reserved 344064K
  class space    used 13440K, committed 14016K, reserved 212992K
}
Event: 65.697 GC heap before
{Heap before GC invocations=67 (full 0):
 garbage-first heap   total 285696K, used 161280K [0x00000000d0000000, 0x0000000100000000)
  region size 1024K, 13 young (13312K), 8 survivors (8192K)
 Metaspace       used 95982K, committed 97152K, reserved 344064K
  class space    used 13440K, committed 14016K, reserved 212992K
}
Event: 65.749 GC heap after
{Heap after GC invocations=68 (full 0):
 garbage-first heap   total 285696K, used 157696K [0x00000000d0000000, 0x0000000100000000)
  region size 1024K, 2 young (2048K), 2 survivors (2048K)
 Metaspace       used 95982K, committed 97152K, reserved 344064K
  class space    used 13440K, committed 14016K, reserved 212992K
}
Event: 67.657 GC heap before
{Heap before GC invocations=68 (full 0):
 garbage-first heap   total 285696K, used 223232K [0x00000000d0000000, 0x0000000100000000)
  region size 1024K, 66 young (67584K), 2 survivors (2048K)
 Metaspace       used 96201K, committed 97344K, reserved 344064K
  class space    used 13445K, committed 14016K, reserved 212992K
}
Event: 67.688 GC heap after
{Heap after GC invocations=69 (full 0):
 garbage-first heap   total 285696K, used 163836K [0x00000000d0000000, 0x0000000100000000)
  region size 1024K, 8 young (8192K), 8 survivors (8192K)
 Metaspace       used 96201K, committed 97344K, reserved 344064K
  class space    used 13445K, committed 14016K, reserved 212992K
}
Event: 69.227 GC heap before
{Heap before GC invocations=70 (full 0):
 garbage-first heap   total 309248K, used 225276K [0x00000000d0000000, 0x0000000100000000)
  region size 1024K, 68 young (69632K), 8 survivors (8192K)
 Metaspace       used 97751K, committed 98944K, reserved 344064K
  class space    used 13627K, committed 14208K, reserved 212992K
}
Event: 69.264 GC heap after
{Heap after GC invocations=71 (full 0):
 garbage-first heap   total 309248K, used 169149K [0x00000000d0000000, 0x0000000100000000)
  region size 1024K, 6 young (6144K), 6 survivors (6144K)
 Metaspace       used 97751K, committed 98944K, reserved 344064K
  class space    used 13627K, committed 14208K, reserved 212992K
}
Event: 69.531 GC heap before
{Heap before GC invocations=71 (full 0):
 garbage-first heap   total 309248K, used 178365K [0x00000000d0000000, 0x0000000100000000)
  region size 1024K, 15 young (15360K), 6 survivors (6144K)
 Metaspace       used 98049K, committed 99264K, reserved 344064K
  class space    used 13633K, committed 14208K, reserved 212992K
}
Event: 69.554 GC heap after
{Heap after GC invocations=72 (full 0):
 garbage-first heap   total 309248K, used 169984K [0x00000000d0000000, 0x0000000100000000)
  region size 1024K, 1 young (1024K), 1 survivors (1024K)
 Metaspace       used 98049K, committed 99264K, reserved 344064K
  class space    used 13633K, committed 14208K, reserved 212992K
}
Event: 71.783 GC heap before
{Heap before GC invocations=72 (full 0):
 garbage-first heap   total 309248K, used 247808K [0x00000000d0000000, 0x0000000100000000)
  region size 1024K, 77 young (78848K), 1 survivors (1024K)
 Metaspace       used 98941K, committed 100160K, reserved 344064K
  class space    used 13659K, committed 14272K, reserved 212992K
}
Event: 71.800 GC heap after
{Heap after GC invocations=73 (full 0):
 garbage-first heap   total 309248K, used 171709K [0x00000000d0000000, 0x0000000100000000)
  region size 1024K, 3 young (3072K), 3 survivors (3072K)
 Metaspace       used 98941K, committed 100160K, reserved 344064K
  class space    used 13659K, committed 14272K, reserved 212992K
}
Event: 73.540 GC heap before
{Heap before GC invocations=74 (full 0):
 garbage-first heap   total 314368K, used 251581K [0x00000000d0000000, 0x0000000100000000)
  region size 1024K, 81 young (82944K), 3 survivors (3072K)
 Metaspace       used 99209K, committed 100416K, reserved 344064K
  class space    used 13664K, committed 14272K, reserved 212992K
}
Event: 73.561 GC heap after
{Heap after GC invocations=75 (full 0):
 garbage-first heap   total 314368K, used 173278K [0x00000000d0000000, 0x0000000100000000)
  region size 1024K, 5 young (5120K), 5 survivors (5120K)
 Metaspace       used 99209K, committed 100416K, reserved 344064K
  class space    used 13664K, committed 14272K, reserved 212992K
}
Event: 73.821 GC heap before
{Heap before GC invocations=75 (full 0):
 garbage-first heap   total 314368K, used 183518K [0x00000000d0000000, 0x0000000100000000)
  region size 1024K, 15 young (15360K), 5 survivors (5120K)
 Metaspace       used 99224K, committed 100480K, reserved 344064K
  class space    used 13664K, committed 14272K, reserved 212992K
}
Event: 73.841 GC heap after
{Heap after GC invocations=76 (full 0):
 garbage-first heap   total 314368K, used 172512K [0x00000000d0000000, 0x0000000100000000)
  region size 1024K, 1 young (1024K), 1 survivors (1024K)
 Metaspace       used 99224K, committed 100480K, reserved 344064K
  class space    used 13664K, committed 14272K, reserved 212992K
}
Event: 75.685 GC heap before
{Heap before GC invocations=76 (full 0):
 garbage-first heap   total 314368K, used 259552K [0x00000000d0000000, 0x0000000100000000)
  region size 1024K, 86 young (88064K), 1 survivors (1024K)
 Metaspace       used 99331K, committed 100544K, reserved 344064K
  class space    used 13668K, committed 14272K, reserved 212992K
}
Event: 75.702 GC heap after
{Heap after GC invocations=77 (full 0):
 garbage-first heap   total 474112K, used 173972K [0x00000000d0000000, 0x0000000100000000)
  region size 1024K, 3 young (3072K), 3 survivors (3072K)
 Metaspace       used 99331K, committed 100544K, reserved 344064K
  class space    used 13668K, committed 14272K, reserved 212992K
}

Dll operation events (15 events):
Event: 0.031 Loaded shared library C:\Users\jpten\dev-tools\jdk-17\bin\java.dll
Event: 0.053 Loaded shared library C:\Users\jpten\dev-tools\jdk-17\bin\jsvml.dll
Event: 0.147 Loaded shared library C:\Users\jpten\dev-tools\jdk-17\bin\zip.dll
Event: 0.161 Loaded shared library C:\Users\jpten\dev-tools\jdk-17\bin\instrument.dll
Event: 0.168 Loaded shared library C:\Users\jpten\dev-tools\jdk-17\bin\net.dll
Event: 0.172 Loaded shared library C:\Users\jpten\dev-tools\jdk-17\bin\nio.dll
Event: 0.178 Loaded shared library C:\Users\jpten\dev-tools\jdk-17\bin\zip.dll
Event: 0.621 Loaded shared library C:\Users\jpten\dev-tools\jdk-17\bin\jimage.dll
Event: 1.025 Loaded shared library C:\Users\jpten\dev-tools\jdk-17\bin\verify.dll
Event: 1.077 Loaded shared library C:\Users\jpten\.gradle\native\660c5614fbf4a5f2a75b1949f50a0caf5cd603558e7d8a26e50b933a0cfb79d1\windows-amd64\native-platform.dll
Event: 1.099 Loaded shared library C:\Users\jpten\.gradle\native\0.2.8\x86_64-windows-gnu\gradle-fileevents.dll
Event: 2.424 Loaded shared library C:\Users\jpten\dev-tools\jdk-17\bin\management.dll
Event: 2.428 Loaded shared library C:\Users\jpten\dev-tools\jdk-17\bin\management_ext.dll
Event: 2.883 Loaded shared library C:\Users\jpten\dev-tools\jdk-17\bin\extnet.dll
Event: 3.312 Loaded shared library C:\Users\jpten\dev-tools\jdk-17\bin\sunmscapi.dll

Deoptimization events (20 events):
Event: 77.148 Thread 0x0000020963718440 Uncommon trap: trap_request=0xffffff45 fr.pc=0x00000209433ad680 relative=0x0000000000002200
Event: 77.148 Thread 0x0000020963718440 Uncommon trap: reason=unstable_if action=reinterpret pc=0x00000209433ad680 method=com.sun.tools.javac.code.Symbol$MethodSymbol.isOverridableIn(Lcom/sun/tools/javac/code/Symbol$TypeSymbol;)Z @ 9 c2
Event: 77.148 Thread 0x0000020963718440 DEOPT PACKING pc=0x00000209433ad680 sp=0x000000f9590f4e10
Event: 77.148 Thread 0x0000020963718440 DEOPT UNPACKING pc=0x00000209428769a3 sp=0x000000f9590f4a88 mode 2
Event: 77.730 Thread 0x0000020963718440 DEOPT PACKING pc=0x000002093b503061 sp=0x000000f9590f7670
Event: 77.730 Thread 0x0000020963718440 DEOPT UNPACKING pc=0x0000020942877143 sp=0x000000f9590f6b68 mode 0
Event: 77.931 Thread 0x0000020963718440 DEOPT PACKING pc=0x000002093cb3e807 sp=0x000000f9590f6ef0
Event: 77.931 Thread 0x0000020963718440 DEOPT UNPACKING pc=0x0000020942877143 sp=0x000000f9590f6400 mode 0
Event: 78.184 Thread 0x0000020963718440 DEOPT PACKING pc=0x000002093c655bff sp=0x000000f9590f7890
Event: 78.184 Thread 0x0000020963718440 DEOPT UNPACKING pc=0x0000020942877143 sp=0x000000f9590f6d98 mode 0
Event: 78.779 Thread 0x0000020963718440 DEOPT PACKING pc=0x000002093b503061 sp=0x000000f9590f7670
Event: 78.779 Thread 0x0000020963718440 DEOPT UNPACKING pc=0x0000020942877143 sp=0x000000f9590f6b68 mode 0
Event: 78.937 Thread 0x0000020963718440 Uncommon trap: trap_request=0xffffff45 fr.pc=0x000002094306af7c relative=0x000000000000035c
Event: 78.937 Thread 0x0000020963718440 Uncommon trap: reason=unstable_if action=reinterpret pc=0x000002094306af7c method=com.sun.tools.javac.code.Types$5.visitType(Lcom/sun/tools/javac/code/Type;Lcom/sun/tools/javac/code/Type;)Ljava/lang/Boolean; @ 17 c2
Event: 78.937 Thread 0x0000020963718440 DEOPT PACKING pc=0x000002094306af7c sp=0x000000f9590f5750
Event: 78.937 Thread 0x0000020963718440 DEOPT UNPACKING pc=0x00000209428769a3 sp=0x000000f9590f5688 mode 2
Event: 78.938 Thread 0x0000020963718440 Uncommon trap: trap_request=0xffffff45 fr.pc=0x00000209433aa928 relative=0x0000000000000308
Event: 78.938 Thread 0x0000020963718440 Uncommon trap: reason=unstable_if action=reinterpret pc=0x00000209433aa928 method=com.sun.tools.javac.code.Types$5.visitType(Lcom/sun/tools/javac/code/Type;Lcom/sun/tools/javac/code/Type;)Ljava/lang/Boolean; @ 17 c2
Event: 78.938 Thread 0x0000020963718440 DEOPT PACKING pc=0x00000209433aa928 sp=0x000000f9590f56a0
Event: 78.938 Thread 0x0000020963718440 DEOPT UNPACKING pc=0x00000209428769a3 sp=0x000000f9590f5660 mode 2

Classes loaded (20 events):
Event: 62.801 Loading class java/util/regex/Pattern$Bound
Event: 62.801 Loading class java/util/regex/Pattern$Bound done
Event: 62.991 Loading class java/util/ImmutableCollections$Access
Event: 62.992 Loading class java/util/ImmutableCollections$Access done
Event: 62.992 Loading class java/util/ImmutableCollections$Access$1
Event: 62.994 Loading class jdk/internal/access/JavaUtilCollectionAccess
Event: 62.994 Loading class jdk/internal/access/JavaUtilCollectionAccess done
Event: 62.994 Loading class java/util/ImmutableCollections$Access$1 done
Event: 68.948 Loading class java/util/EnumMap$EntrySet
Event: 68.948 Loading class java/util/EnumMap$EntrySet done
Event: 68.948 Loading class java/util/EnumMap$EntryIterator
Event: 68.948 Loading class java/util/EnumMap$EnumMapIterator
Event: 68.949 Loading class java/util/EnumMap$EnumMapIterator done
Event: 68.949 Loading class java/util/EnumMap$EntryIterator done
Event: 68.949 Loading class java/util/EnumMap$EntryIterator$Entry
Event: 68.949 Loading class java/util/EnumMap$EntryIterator$Entry done
Event: 68.979 Loading class java/text/BreakIterator
Event: 68.979 Loading class java/text/BreakIterator done
Event: 69.017 Loading class java/util/function/ToIntBiFunction
Event: 69.017 Loading class java/util/function/ToIntBiFunction done

Classes unloaded (0 events):
No events

Classes redefined (0 events):
No events

Internal exceptions (20 events):
Event: 78.781 Thread 0x0000020963718440 Exception <a 'sun/nio/fs/WindowsException'{0x00000000e6363cd8}> (0x00000000e6363cd8) 
thrown [s\src\hotspot\share\prims\jni.cpp, line 516]
Event: 78.785 Thread 0x0000020963718440 Exception <a 'sun/nio/fs/WindowsException'{0x00000000e636b588}> (0x00000000e636b588) 
thrown [s\src\hotspot\share\prims\jni.cpp, line 516]
Event: 78.789 Thread 0x0000020963718440 Exception <a 'sun/nio/fs/WindowsException'{0x00000000e637c878}> (0x00000000e637c878) 
thrown [s\src\hotspot\share\prims\jni.cpp, line 516]
Event: 78.794 Thread 0x0000020963718440 Exception <a 'sun/nio/fs/WindowsException'{0x00000000e639bd10}> (0x00000000e639bd10) 
thrown [s\src\hotspot\share\prims\jni.cpp, line 516]
Event: 78.856 Thread 0x0000020963718440 Exception <a 'sun/nio/fs/WindowsException'{0x00000000e5f2bea8}> (0x00000000e5f2bea8) 
thrown [s\src\hotspot\share\prims\jni.cpp, line 516]
Event: 78.860 Thread 0x0000020963718440 Exception <a 'sun/nio/fs/WindowsException'{0x00000000e5f39ac0}> (0x00000000e5f39ac0) 
thrown [s\src\hotspot\share\prims\jni.cpp, line 516]
Event: 78.862 Thread 0x0000020963718440 Exception <a 'sun/nio/fs/WindowsException'{0x00000000e5f4b520}> (0x00000000e5f4b520) 
thrown [s\src\hotspot\share\prims\jni.cpp, line 516]
Event: 78.868 Thread 0x0000020963718440 Exception <a 'sun/nio/fs/WindowsException'{0x00000000e5f7c610}> (0x00000000e5f7c610) 
thrown [s\src\hotspot\share\prims\jni.cpp, line 516]
Event: 78.954 Thread 0x0000020963718440 Exception <a 'sun/nio/fs/WindowsException'{0x00000000e59613b8}> (0x00000000e59613b8) 
thrown [s\src\hotspot\share\prims\jni.cpp, line 516]
Event: 78.958 Thread 0x0000020963718440 Exception <a 'sun/nio/fs/WindowsException'{0x00000000e5968e48}> (0x00000000e5968e48) 
thrown [s\src\hotspot\share\prims\jni.cpp, line 516]
Event: 78.961 Thread 0x0000020963718440 Exception <a 'sun/nio/fs/WindowsException'{0x00000000e5973d00}> (0x00000000e5973d00) 
thrown [s\src\hotspot\share\prims\jni.cpp, line 516]
Event: 78.965 Thread 0x0000020963718440 Exception <a 'sun/nio/fs/WindowsException'{0x00000000e59807d0}> (0x00000000e59807d0) 
thrown [s\src\hotspot\share\prims\jni.cpp, line 516]
Event: 78.969 Thread 0x0000020963718440 Exception <a 'sun/nio/fs/WindowsException'{0x00000000e598a598}> (0x00000000e598a598) 
thrown [s\src\hotspot\share\prims\jni.cpp, line 516]
Event: 78.973 Thread 0x0000020963718440 Exception <a 'sun/nio/fs/WindowsException'{0x00000000e5993fb0}> (0x00000000e5993fb0) 
thrown [s\src\hotspot\share\prims\jni.cpp, line 516]
Event: 78.978 Thread 0x0000020963718440 Exception <a 'sun/nio/fs/WindowsException'{0x00000000e599e600}> (0x00000000e599e600) 
thrown [s\src\hotspot\share\prims\jni.cpp, line 516]
Event: 78.982 Thread 0x0000020963718440 Exception <a 'sun/nio/fs/WindowsException'{0x00000000e59bb8f8}> (0x00000000e59bb8f8) 
thrown [s\src\hotspot\share\prims\jni.cpp, line 516]
Event: 78.986 Thread 0x0000020963718440 Exception <a 'sun/nio/fs/WindowsException'{0x00000000e59c65f8}> (0x00000000e59c65f8) 
thrown [s\src\hotspot\share\prims\jni.cpp, line 516]
Event: 78.989 Thread 0x0000020963718440 Exception <a 'sun/nio/fs/WindowsException'{0x00000000e59d78b8}> (0x00000000e59d78b8) 
thrown [s\src\hotspot\share\prims\jni.cpp, line 516]
Event: 78.994 Thread 0x0000020963718440 Exception <a 'sun/nio/fs/WindowsException'{0x00000000e59f1648}> (0x00000000e59f1648) 
thrown [s\src\hotspot\share\prims\jni.cpp, line 516]
Event: 79.000 Thread 0x0000020963718440 Exception <a 'sun/nio/fs/WindowsException'{0x00000000e581e4b0}> (0x00000000e581e4b0) 
thrown [s\src\hotspot\share\prims\jni.cpp, line 516]

VM Operations (20 events):
Event: 73.270 Executing VM operation: ICBufferFull
Event: 73.270 Executing VM operation: ICBufferFull done
Event: 73.540 Executing VM operation: G1CollectForAllocation
Event: 73.561 Executing VM operation: G1CollectForAllocation done
Event: 73.821 Executing VM operation: G1CollectForAllocation
Event: 73.841 Executing VM operation: G1CollectForAllocation done
Event: 74.847 Executing VM operation: Cleanup
Event: 74.848 Executing VM operation: Cleanup done
Event: 75.684 Executing VM operation: G1CollectForAllocation
Event: 75.702 Executing VM operation: G1CollectForAllocation done
Event: 76.144 Executing VM operation: G1PauseRemark
Event: 76.167 Executing VM operation: G1PauseRemark done
Event: 76.313 Executing VM operation: G1PauseCleanup
Event: 76.314 Executing VM operation: G1PauseCleanup done
Event: 77.245 Executing VM operation: ICBufferFull
Event: 77.245 Executing VM operation: ICBufferFull done
Event: 78.251 Executing VM operation: Cleanup
Event: 78.252 Executing VM operation: Cleanup done
Event: 78.937 Executing VM operation: HandshakeAllThreads
Event: 78.937 Executing VM operation: HandshakeAllThreads done

Memory protections (0 events):
No events

Nmethod flushes (20 events):
Event: 73.274 Thread 0x000002094e70fd60 flushing  nmethod 0x000002093cb3d610
Event: 73.275 Thread 0x000002094e70fd60 flushing  nmethod 0x000002093cc05e90
Event: 73.275 Thread 0x000002094e70fd60 flushing  nmethod 0x000002093cc1c990
Event: 78.942 Thread 0x000002094e70fd60 flushing  nmethod 0x00000209433f7e10
Event: 78.960 Thread 0x000002094e70fd60 flushing  nmethod 0x000002093bfdfb10
Event: 78.966 Thread 0x000002094e70fd60 flushing  nmethod 0x000002093c4d9e90
Event: 78.969 Thread 0x000002094e70fd60 flushing  nmethod 0x000002093c7a1790
Event: 78.973 Thread 0x000002094e70fd60 flushing  nmethod 0x000002093c9de610
Event: 78.973 Thread 0x000002094e70fd60 flushing  nmethod 0x000002093c9df610
Event: 78.973 Thread 0x000002094e70fd60 flushing  nmethod 0x000002093c9e0e10
Event: 78.973 Thread 0x000002094e70fd60 flushing  nmethod 0x000002093c9e1410
Event: 78.974 Thread 0x000002094e70fd60 flushing  nmethod 0x000002093ca82390
Event: 78.974 Thread 0x000002094e70fd60 flushing  nmethod 0x000002093ca82810
Event: 78.974 Thread 0x000002094e70fd60 flushing  nmethod 0x000002093ca82c90
Event: 78.974 Thread 0x000002094e70fd60 flushing  nmethod 0x000002093ca87910
Event: 78.974 Thread 0x000002094e70fd60 flushing  nmethod 0x000002093caa3090
Event: 78.975 Thread 0x000002094e70fd60 flushing  nmethod 0x000002093cb2bb90
Event: 78.975 Thread 0x000002094e70fd60 flushing  nmethod 0x000002093cb58890
Event: 78.976 Thread 0x000002094e70fd60 flushing  nmethod 0x000002093cc86f10
Event: 78.976 Thread 0x000002094e70fd60 flushing  nmethod 0x000002093cc88510

Events (20 events):
Event: 3.462 Thread 0x0000020962b53e00 Thread added: 0x0000020962b55240
Event: 3.476 Thread 0x0000020962b53e00 Thread added: 0x0000020962b55c60
Event: 4.252 Thread 0x0000020962b53e00 Thread added: 0x0000020962b524b0
Event: 4.287 Thread 0x0000020962b53e00 Thread added: 0x0000020962b54310
Event: 4.366 Thread 0x0000020962b53e00 Thread added: 0x0000020962b529c0
Event: 5.809 Thread 0x0000020962b53e00 Thread added: 0x0000020962b538f0
Event: 5.827 Thread 0x0000020962b53e00 Thread added: 0x0000020962b54d30
Event: 6.417 Thread 0x0000020962b53e00 Thread added: 0x0000020963717000
Event: 6.554 Thread 0x0000020962b53e00 Thread added: 0x0000020963715bc0
Event: 6.921 Thread 0x0000020962b53e00 Thread added: 0x0000020963717f30
Event: 6.991 Thread 0x0000020962b53e00 Thread added: 0x0000020963717a20
Event: 7.753 Thread 0x0000020962b53e00 Thread added: 0x0000020963719370
Event: 7.827 Thread 0x0000020962b53e00 Thread added: 0x00000209637160d0
Event: 10.832 Thread 0x0000020962b53e00 Thread added: 0x0000020963718950
Event: 14.346 Thread 0x0000020962b53e00 Thread added: 0x0000020963718e60
Event: 15.978 Thread 0x0000020962b53e00 Thread added: 0x0000020963719d90
Event: 17.404 Thread 0x0000020962b53e00 Thread added: 0x000002096371c610
Event: 37.657 Thread 0x0000020962b53e00 Thread added: 0x0000020963718440
Event: 37.824 Thread 0x0000020963718440 Thread added: 0x0000020963716af0
Event: 40.990 Thread 0x0000020963718440 Thread added: 0x000002096371c100


Dynamic libraries:
0x00007ff6b0ce0000 - 0x00007ff6b0cee000 	C:\Users\jpten\dev-tools\jdk-17\bin\java.exe
0x00007ff8320c0000 - 0x00007ff832326000 	C:\Windows\SYSTEM32\ntdll.dll
0x00007ff8316f0000 - 0x00007ff8317b9000 	C:\Windows\System32\KERNEL32.DLL
0x00007ff82f2e0000 - 0x00007ff82f6de000 	C:\Windows\System32\KERNELBASE.dll
0x00007ff82fc90000 - 0x00007ff82fddc000 	C:\Windows\System32\ucrtbase.dll
0x00007ff828b90000 - 0x00007ff828bae000 	C:\Users\jpten\dev-tools\jdk-17\bin\VCRUNTIME140.dll
0x00007ff81a790000 - 0x00007ff81a7a8000 	C:\Users\jpten\dev-tools\jdk-17\bin\jli.dll
0x00007ff830800000 - 0x00007ff8309c7000 	C:\Windows\System32\USER32.dll
0x00007ff815be0000 - 0x00007ff815e72000 	C:\Windows\WinSxS\amd64_microsoft.windows.common-controls_6595b64144ccf1df_6.0.26100.8875_none_3e0d5d42e32fe9dd\COMCTL32.dll
0x00007ff82ff90000 - 0x00007ff830039000 	C:\Windows\System32\msvcrt.dll
0x00007ff82fc60000 - 0x00007ff82fc87000 	C:\Windows\System32\win32u.dll
0x00007ff8309d0000 - 0x00007ff8309fb000 	C:\Windows\System32\GDI32.dll
0x00007ff82f6f0000 - 0x00007ff82f81a000 	C:\Windows\System32\gdi32full.dll
0x00007ff82f8b0000 - 0x00007ff82f953000 	C:\Windows\System32\msvcp_win.dll
0x00007ff8316b0000 - 0x00007ff8316e2000 	C:\Windows\System32\IMM32.DLL
0x00007ff828b80000 - 0x00007ff828b8c000 	C:\Users\jpten\dev-tools\jdk-17\bin\vcruntime140_1.dll
0x00007fffd8ac0000 - 0x00007fffd8b4d000 	C:\Users\jpten\dev-tools\jdk-17\bin\msvcp140.dll
0x00007fff20400000 - 0x00007fff2106c000 	C:\Users\jpten\dev-tools\jdk-17\bin\server\jvm.dll
0x00007ff830740000 - 0x00007ff8307f7000 	C:\Windows\System32\ADVAPI32.dll
0x00007ff831cb0000 - 0x00007ff831d5a000 	C:\Windows\System32\sechost.dll
0x00007ff831ad0000 - 0x00007ff831be8000 	C:\Windows\System32\RPCRT4.dll
0x00007ff830a00000 - 0x00007ff830a80000 	C:\Windows\System32\WS2_32.dll
0x00007ff82de20000 - 0x00007ff82de7e000 	C:\Windows\SYSTEM32\POWRPROF.dll
0x00007ff81f740000 - 0x00007ff81f776000 	C:\Windows\SYSTEM32\WINMM.dll
0x00007ff827e20000 - 0x00007ff827e2b000 	C:\Windows\SYSTEM32\VERSION.dll
0x00007ff82de00000 - 0x00007ff82de14000 	C:\Windows\SYSTEM32\UMPDC.dll
0x00007ff82e0e0000 - 0x00007ff82e0fb000 	C:\Windows\SYSTEM32\kernel.appcore.dll
0x00007ff826800000 - 0x00007ff82680a000 	C:\Users\jpten\dev-tools\jdk-17\bin\jimage.dll
0x00007ff82c390000 - 0x00007ff82c5d2000 	C:\Windows\SYSTEM32\DBGHELP.DLL
0x00007ff830b70000 - 0x00007ff830ef3000 	C:\Windows\System32\combase.dll
0x00007ff830a90000 - 0x00007ff830b69000 	C:\Windows\System32\OLEAUT32.dll
0x00007ff800000000 - 0x00007ff80003b000 	C:\Windows\SYSTEM32\dbgcore.DLL
0x00007ff82f960000 - 0x00007ff82fa0c000 	C:\Windows\System32\bcryptPrimitives.dll
0x00007ff826510000 - 0x00007ff82651e000 	C:\Users\jpten\dev-tools\jdk-17\bin\instrument.dll
0x00007ff818de0000 - 0x00007ff818e05000 	C:\Users\jpten\dev-tools\jdk-17\bin\java.dll
0x00007fffce960000 - 0x00007fffcea37000 	C:\Users\jpten\dev-tools\jdk-17\bin\jsvml.dll
0x00007ff830f00000 - 0x00007ff831692000 	C:\Windows\System32\SHELL32.dll
0x00007ff82cd70000 - 0x00007ff82d602000 	C:\Windows\SYSTEM32\windows.storage.dll
0x00007ff8319d0000 - 0x00007ff831ac7000 	C:\Windows\System32\SHCORE.dll
0x00007ff8317e0000 - 0x00007ff831847000 	C:\Windows\System32\shlwapi.dll
0x00007ff82f200000 - 0x00007ff82f229000 	C:\Windows\SYSTEM32\profapi.dll
0x00007ff81a770000 - 0x00007ff81a788000 	C:\Users\jpten\dev-tools\jdk-17\bin\zip.dll
0x00007ff818dc0000 - 0x00007ff818dda000 	C:\Users\jpten\dev-tools\jdk-17\bin\net.dll
0x00007ff828ea0000 - 0x00007ff828fc7000 	C:\Windows\SYSTEM32\WINHTTP.dll
0x00007ff82e690000 - 0x00007ff82e6fc000 	C:\Windows\system32\mswsock.dll
0x00007ff811fc0000 - 0x00007ff811fd6000 	C:\Users\jpten\dev-tools\jdk-17\bin\nio.dll
0x00007ff825640000 - 0x00007ff825650000 	C:\Users\jpten\dev-tools\jdk-17\bin\verify.dll
0x00007ff81c740000 - 0x00007ff81c767000 	C:\Users\jpten\.gradle\native\660c5614fbf4a5f2a75b1949f50a0caf5cd603558e7d8a26e50b933a0cfb79d1\windows-amd64\native-platform.dll
0x00007fffd3f80000 - 0x00007fffd3ff7000 	C:\Users\jpten\.gradle\native\0.2.8\x86_64-windows-gnu\gradle-fileevents.dll
0x00007ff81a800000 - 0x00007ff81a80a000 	C:\Users\jpten\dev-tools\jdk-17\bin\management.dll
0x00007ff811f90000 - 0x00007ff811f9c000 	C:\Users\jpten\dev-tools\jdk-17\bin\management_ext.dll
0x00007ff831850000 - 0x00007ff831858000 	C:\Windows\System32\PSAPI.DLL
0x00007ff82da90000 - 0x00007ff82dac3000 	C:\Windows\SYSTEM32\IPHLPAPI.DLL
0x00007ff831d90000 - 0x00007ff831d9a000 	C:\Windows\System32\NSI.dll
0x00007ff829270000 - 0x00007ff82928d000 	C:\Windows\SYSTEM32\dhcpcsvc6.DLL
0x00007ff8291c0000 - 0x00007ff8291e5000 	C:\Windows\SYSTEM32\dhcpcsvc.DLL
0x00007ff82dad0000 - 0x00007ff82dc26000 	C:\Windows\SYSTEM32\DNSAPI.dll
0x00007ff82e470000 - 0x00007ff82e47d000 	C:\Windows\SYSTEM32\DSPARSE.dll
0x00007ff803ad0000 - 0x00007ff803ad9000 	C:\Users\jpten\dev-tools\jdk-17\bin\extnet.dll
0x00007ff82e990000 - 0x00007ff82e9ab000 	C:\Windows\SYSTEM32\CRYPTSP.dll
0x00007ff82e040000 - 0x00007ff82e079000 	C:\Windows\system32\rsaenh.dll
0x00007ff82e750000 - 0x00007ff82e782000 	C:\Windows\SYSTEM32\USERENV.dll
0x00007ff82f1d0000 - 0x00007ff82f1fa000 	C:\Windows\SYSTEM32\bcrypt.dll
0x00007ff82e9b0000 - 0x00007ff82e9bc000 	C:\Windows\SYSTEM32\CRYPTBASE.dll
0x00007ff802930000 - 0x00007ff80293e000 	C:\Users\jpten\dev-tools\jdk-17\bin\sunmscapi.dll
0x00007ff82fa20000 - 0x00007ff82fb98000 	C:\Windows\System32\CRYPT32.dll
0x00007ff82ebd0000 - 0x00007ff82ec00000 	C:\Windows\SYSTEM32\ncrypt.dll
0x00007ff82eb80000 - 0x00007ff82ebbf000 	C:\Windows\SYSTEM32\NTASN1.dll
0x00007fffe8cd0000 - 0x00007fffe8cd8000 	C:\Windows\system32\wshunix.dll

dbghelp: loaded successfully - version: 4.0.5 - missing functions: none
symbol engine: initialized successfully - sym options: 0x614 - pdb path: .;C:\Users\jpten\dev-tools\jdk-17\bin;C:\Windows\SYSTEM32;C:\Windows\WinSxS\amd64_microsoft.windows.common-controls_6595b64144ccf1df_6.0.26100.8875_none_3e0d5d42e32fe9dd;C:\Users\jpten\dev-tools\jdk-17\bin\server;C:\Users\jpten\.gradle\native\660c5614fbf4a5f2a75b1949f50a0caf5cd603558e7d8a26e50b933a0cfb79d1\windows-amd64;C:\Users\jpten\.gradle\native\0.2.8\x86_64-windows-gnu

VM Arguments:
jvm_args: --add-opens=java.base/java.lang=ALL-UNNAMED --add-opens=java.base/java.lang.invoke=ALL-UNNAMED --add-opens=java.base/java.util=ALL-UNNAMED --add-opens=java.prefs/java.util.prefs=ALL-UNNAMED --add-exports=jdk.compiler/com.sun.tools.javac.api=ALL-UNNAMED --add-exports=jdk.compiler/com.sun.tools.javac.util=ALL-UNNAMED --add-opens=java.base/java.util=ALL-UNNAMED --add-opens=java.prefs/java.util.prefs=ALL-UNNAMED --add-opens=java.base/java.nio.charset=ALL-UNNAMED --add-opens=java.base/java.net=ALL-UNNAMED --add-opens=java.base/java.util.concurrent=ALL-UNNAMED --add-opens=java.base/java.util.concurrent.atomic=ALL-UNNAMED --add-opens=java.xml/javax.xml.namespace=ALL-UNNAMED --add-opens=java.base/java.time=ALL-UNNAMED -XX:MaxMetaspaceSize=256m -XX:CICompilerCount=2 -XX:ActiveProcessorCount=2 -XX:+HeapDumpOnOutOfMemoryError -Xmx768m -Dfile.encoding=UTF-8 -Duser.country=PH -Duser.language=en -Duser.variant -javaagent:C:\Users\jpten\.gradle\wrapper\dists\gradle-9.4.0-bin\lcvyxq3t37f6mx9miaydrrgs\gradle-9.4.0\lib\agents\gradle-instrumentation-agent-9.4.0.jar 
java_command: org.gradle.launcher.daemon.bootstrap.GradleDaemon 9.4.0
java_class_path (initial): C:\Users\jpten\.gradle\wrapper\dists\gradle-9.4.0-bin\lcvyxq3t37f6mx9miaydrrgs\gradle-9.4.0\lib\gradle-daemon-main-9.4.0.jar
Launcher Type: SUN_STANDARD

[Global flags]
      int ActiveProcessorCount                     = 2                                         {product} {command line}
     intx CICompilerCount                          = 2                                         {product} {command line}
   size_t CompressedClassSpaceSize                 = 218103808                                 {product} {ergonomic}
     uint ConcGCThreads                            = 1                                         {product} {ergonomic}
     uint G1ConcRefinementThreads                  = 2                                         {product} {ergonomic}
   size_t G1HeapRegionSize                         = 1048576                                   {product} {ergonomic}
    uintx GCDrainStackTargetSize                   = 64                                        {product} {ergonomic}
     bool HeapDumpOnOutOfMemoryError               = true                                   {manageable} {command line}
   size_t InitialHeapSize                          = 123731968                                 {product} {ergonomic}
   size_t MarkStackSize                            = 4194304                                   {product} {ergonomic}
   size_t MaxHeapSize                              = 805306368                                 {product} {command line}
   size_t MaxMetaspaceSize                         = 268435456                                 {product} {command line}
   size_t MaxNewSize                               = 482344960                                 {product} {ergonomic}
   size_t MinHeapDeltaBytes                        = 1048576                                   {product} {ergonomic}
   size_t MinHeapSize                              = 8388608                                   {product} {ergonomic}
    uintx NonNMethodCodeHeapSize                   = 5826188                                {pd product} {ergonomic}
    uintx NonProfiledCodeHeapSize                  = 122916026                              {pd product} {ergonomic}
    uintx ProfiledCodeHeapSize                     = 122916026                              {pd product} {ergonomic}
    uintx ReservedCodeCacheSize                    = 251658240                              {pd product} {ergonomic}
     bool SegmentedCodeCache                       = true                                      {product} {ergonomic}
   size_t SoftMaxHeapSize                          = 805306368                              {manageable} {ergonomic}
     bool UseCompressedClassPointers               = true                           {product lp64_product} {ergonomic}
     bool UseCompressedOops                        = true                           {product lp64_product} {ergonomic}
     bool UseG1GC                                  = true                                      {product} {ergonomic}
     bool UseLargePagesIndividualAllocation        = false                                  {pd product} {ergonomic}

Logging:
Log output configuration:
 #0: stdout all=warning uptime,level,tags
 #1: stderr all=off uptime,level,tags

Environment Variables:
JAVA_HOME=C:\Users\jpten\dev-tools\jdk-17
PATH=C:\Users\jpten\.codex\tmp\arg0\codex-arg0fHAzmm;C:\Python314\Scripts\;C:\Python314\;C:\Program Files (x86)\Common Files\Oracle\Java\java8path;C:\Program Files (x86)\Common Files\Oracle\Java\javapath;C:\Windows\system32;C:\Windows;C:\Windows\System32\Wbem;C:\Windows\System32\WindowsPowerShell\v1.0\;C:\Windows\System32\OpenSSH\;C:\Program Files (x86)\NVIDIA Corporation\PhysX\Common;C:\Program Files\NVIDIA Corporation\NVIDIA App\NvDLISR;C:\Program Files\dotnet\;C:\Program Files\playit_gg\bin\;C:\Program Files\nodejs\;C:\ProgramData\chocolatey\bin;C:\Program Files\Git\cmd;C:\Users\jpten\AppData\Local\Microsoft\WindowsApps;C:\Users\jpten\.dotnet\tools;C:\Users\jpten\AppData\Local\Programs\Microsoft VS Code\bin;C:\Users\jpten\AppData\Roaming\npm;C:\Users\jpten\AppData\Local\Microsoft\WinGet\Packages\Rclone.Rclone_Microsoft.Winget.Source_8wekyb3d8bbwe\rclone-v1.74.3-windows-amd64;C:\Users\jpten\dev-tools\jdk-17\bin;C:\Program Files\Git\cmd;C:\Users\jpten\Android\Sdk\platform-tools;C:\Users\jpten\Android\Sdk\cmdline-tools\latest\bin;c:\Users\jpten\.vscode\extensions\openai.chatgpt-26.721.41059-win32-x64\bin\windows-x86_64
USERNAME=jpten
LANG=C.UTF-8
LC_ALL=C.UTF-8
LC_CTYPE=C.UTF-8
TERM=dumb
OS=Windows_NT
PROCESSOR_IDENTIFIER=AMD64 Family 25 Model 68 Stepping 1, AuthenticAMD
TMP=C:\Users\jpten\AppData\Local\Temp
TEMP=C:\Users\jpten\AppData\Local\Temp



Periodic native trim disabled


---------------  S Y S T E M  ---------------

OS:
 Windows 11 , 64 bit Build 26100 (10.0.26100.8875)
OS uptime: 3 days 0:48 hours
Hyper-V role detected

CPU: total 12 (initial active 2) (12 cores per cpu, 2 threads per core) family 25 model 68 stepping 1 microcode 0xa40410a, cx8, cmov, fxsr, ht, mmx, 3dnowpref, sse, sse2, sse3, ssse3, sse4a, sse4.1, sse4.2, popcnt, lzcnt, tsc, tscinvbit, avx, avx2, aes, erms, clmul, bmi1, bmi2, adx, sha, fma, vzeroupper, clflush, clflushopt, hv
Processor Information for processor 0
  Max Mhz: 3301, Current Mhz: 3301, Mhz Limit: 3301
Processor Information for processor 1
  Max Mhz: 3301, Current Mhz: 3301, Mhz Limit: 3301
Processor Information for processor 2
  Max Mhz: 3301, Current Mhz: 3301, Mhz Limit: 3301
Processor Information for processor 3
  Max Mhz: 3301, Current Mhz: 3301, Mhz Limit: 3301
Processor Information for processor 4
  Max Mhz: 3301, Current Mhz: 3301, Mhz Limit: 3301
Processor Information for processor 5
  Max Mhz: 3301, Current Mhz: 3301, Mhz Limit: 3301
Processor Information for processor 6
  Max Mhz: 3301, Current Mhz: 2008, Mhz Limit: 3301
Processor Information for processor 7
  Max Mhz: 3301, Current Mhz: 3301, Mhz Limit: 3301
Processor Information for processor 8
  Max Mhz: 3301, Current Mhz: 3301, Mhz Limit: 3301
Processor Information for processor 9
  Max Mhz: 3301, Current Mhz: 3301, Mhz Limit: 3301
Processor Information for processor 10
  Max Mhz: 3301, Current Mhz: 3301, Mhz Limit: 3301
Processor Information for processor 11
  Max Mhz: 3301, Current Mhz: 3301, Mhz Limit: 3301

Memory: 4k page, system-wide physical 7484M (56M free)
TotalPageFile size 30012M (AvailPageFile size 50M)
current process WorkingSet (physical memory assigned to process): 465M, peak: 466M
current process commit charge ("private bytes"): 776M, peak: 780M

vm_info: OpenJDK 64-Bit Server VM (17.0.19+10) for windows-amd64 JRE (17.0.19+10), built on Apr 25 2026 08:04:44 by "admin" with MS VC++ 17.12 (VS2022)

END.
